<?xml version="1.0" encoding="UTF-8"?>
<gpx version="1.1" creator="Tout Terrain Club" xmlns="http://www.topografix.com/GPX/1/1">
  <wpt lat="43.743500" lon="7.263367"><ele>314</ele><name>Aire St Michel</name></wpt>
  <wpt lat="43.784690" lon="7.243832"><ele>497</ele><name>Aspremont</name></wpt>
  <wpt lat="43.844365" lon="7.238992"><ele>543</ele><name>Levens</name></wpt>
  <wpt lat="43.918809" lon="7.245301"><ele>813</ele><name>Utelle</name></wpt>
  <wpt lat="44.009238" lon="7.247481"><ele>1683</ele><name>Granges</name></wpt>
  <wpt lat="44.071261" lon="7.257093"><ele>984</ele><name>Saint Martin</name></wpt>
  <trk><name>L'expédition · J1 — Nice → Madone de Fenestre (Plan A)</name><trkseg>
    <trkpt lat="43.694118" lon="7.257571"><ele>5.0</ele></trkpt>
    <trkpt lat="43.694996" lon="7.257478"><ele>4.0</ele></trkpt>
    <trkpt lat="43.695786" lon="7.257457"><ele>4.0</ele></trkpt>
    <trkpt lat="43.69685" lon="7.257606"><ele>5.0</ele></trkpt>
    <trkpt lat="43.698021" lon="7.257729"><ele>6.0</ele></trkpt>
    <trkpt lat="43.698619" lon="7.256795"><ele>7.0</ele></trkpt>
    <trkpt lat="43.699584" lon="7.256206"><ele>8.0</ele></trkpt>
    <trkpt lat="43.700636" lon="7.256181"><ele>9.0</ele></trkpt>
    <trkpt lat="43.70187" lon="7.256194"><ele>10.0</ele></trkpt>
    <trkpt lat="43.702282" lon="7.256174"><ele>13.0</ele></trkpt>
    <trkpt lat="43.702559" lon="7.256164"><ele>14.0</ele></trkpt>
    <trkpt lat="43.702753" lon="7.256158"><ele>12.0</ele></trkpt>
    <trkpt lat="43.703552" lon="7.256158"><ele>13.0</ele></trkpt>
    <trkpt lat="43.704705" lon="7.256129"><ele>15.0</ele></trkpt>
    <trkpt lat="43.705705" lon="7.256108"><ele>17.0</ele></trkpt>
    <trkpt lat="43.706827" lon="7.25608"><ele>20.0</ele></trkpt>
    <trkpt lat="43.708043" lon="7.256045"><ele>22.0</ele></trkpt>
    <trkpt lat="43.709026" lon="7.256019"><ele>25.0</ele></trkpt>
    <trkpt lat="43.709525" lon="7.256541"><ele>25.0</ele></trkpt>
    <trkpt lat="43.709775" lon="7.257043"><ele>24.0</ele></trkpt>
    <trkpt lat="43.710671" lon="7.256665"><ele>28.0</ele></trkpt>
    <trkpt lat="43.711072" lon="7.255731"><ele>28.0</ele></trkpt>
    <trkpt lat="43.712235" lon="7.25537"><ele>30.0</ele></trkpt>
    <trkpt lat="43.713056" lon="7.255063"><ele>36.0</ele></trkpt>
    <trkpt lat="43.713686" lon="7.254673"><ele>40.0</ele></trkpt>
    <trkpt lat="43.714743" lon="7.254112"><ele>49.0</ele></trkpt>
    <trkpt lat="43.714835" lon="7.254439"><ele>47.0</ele></trkpt>
    <trkpt lat="43.715052" lon="7.254429"><ele>45.0</ele></trkpt>
    <trkpt lat="43.71561" lon="7.255788"><ele>41.0</ele></trkpt>
    <trkpt lat="43.716202" lon="7.257545"><ele>41.0</ele></trkpt>
    <trkpt lat="43.716439" lon="7.257407"><ele>42.0</ele></trkpt>
    <trkpt lat="43.716632" lon="7.257274"><ele>43.0</ele></trkpt>
    <trkpt lat="43.716827" lon="7.257142"><ele>43.0</ele></trkpt>
    <trkpt lat="43.717017" lon="7.257107"><ele>43.0</ele></trkpt>
    <trkpt lat="43.717506" lon="7.257071"><ele>44.0</ele></trkpt>
    <trkpt lat="43.718319" lon="7.257186"><ele>45.0</ele></trkpt>
    <trkpt lat="43.718661" lon="7.258409"><ele>47.0</ele></trkpt>
    <trkpt lat="43.719014" lon="7.25962"><ele>45.0</ele></trkpt>
    <trkpt lat="43.719429" lon="7.261134"><ele>45.0</ele></trkpt>
    <trkpt lat="43.719828" lon="7.262347"><ele>47.0</ele></trkpt>
    <trkpt lat="43.720131" lon="7.262245"><ele>48.0</ele></trkpt>
    <trkpt lat="43.720433" lon="7.263024"><ele>49.0</ele></trkpt>
    <trkpt lat="43.721297" lon="7.26326"><ele>51.0</ele></trkpt>
    <trkpt lat="43.722231" lon="7.263575"><ele>54.0</ele></trkpt>
    <trkpt lat="43.722887" lon="7.263387"><ele>57.0</ele></trkpt>
    <trkpt lat="43.723449" lon="7.263309"><ele>65.0</ele></trkpt>
    <trkpt lat="43.723979" lon="7.263476"><ele>69.0</ele></trkpt>
    <trkpt lat="43.724305" lon="7.263028"><ele>71.0</ele></trkpt>
    <trkpt lat="43.72473" lon="7.262853"><ele>74.0</ele></trkpt>
    <trkpt lat="43.724883" lon="7.262897"><ele>75.0</ele></trkpt>
    <trkpt lat="43.725059" lon="7.26283"><ele>79.0</ele></trkpt>
    <trkpt lat="43.725489" lon="7.26261"><ele>87.0</ele></trkpt>
    <trkpt lat="43.726493" lon="7.261982"><ele>101.0</ele></trkpt>
    <trkpt lat="43.726856" lon="7.261887"><ele>109.0</ele></trkpt>
    <trkpt lat="43.72754" lon="7.26152"><ele>121.0</ele></trkpt>
    <trkpt lat="43.728003" lon="7.261181"><ele>130.0</ele></trkpt>
    <trkpt lat="43.728331" lon="7.260793"><ele>136.0</ele></trkpt>
    <trkpt lat="43.728596" lon="7.26078"><ele>139.0</ele></trkpt>
    <trkpt lat="43.729096" lon="7.260761"><ele>144.0</ele></trkpt>
    <trkpt lat="43.729417" lon="7.260777"><ele>147.0</ele></trkpt>
    <trkpt lat="43.730074" lon="7.26119"><ele>153.0</ele></trkpt>
    <trkpt lat="43.730935" lon="7.261203"><ele>160.0</ele></trkpt>
    <trkpt lat="43.7318" lon="7.261072"><ele>167.0</ele></trkpt>
    <trkpt lat="43.732179" lon="7.261098"><ele>171.0</ele></trkpt>
    <trkpt lat="43.732572" lon="7.26157"><ele>176.0</ele></trkpt>
    <trkpt lat="43.733045" lon="7.26144"><ele>181.0</ele></trkpt>
    <trkpt lat="43.733504" lon="7.261501"><ele>186.0</ele></trkpt>
    <trkpt lat="43.733876" lon="7.261816"><ele>190.0</ele></trkpt>
    <trkpt lat="43.734184" lon="7.262036"><ele>195.0</ele></trkpt>
    <trkpt lat="43.734237" lon="7.262463"><ele>201.0</ele></trkpt>
    <trkpt lat="43.734884" lon="7.262931"><ele>206.0</ele></trkpt>
    <trkpt lat="43.735801" lon="7.263532"><ele>212.0</ele></trkpt>
    <trkpt lat="43.736259" lon="7.263454"><ele>214.0</ele></trkpt>
    <trkpt lat="43.736725" lon="7.263046"><ele>218.0</ele></trkpt>
    <trkpt lat="43.737212" lon="7.262846"><ele>226.0</ele></trkpt>
    <trkpt lat="43.737915" lon="7.262886"><ele>239.0</ele></trkpt>
    <trkpt lat="43.738213" lon="7.262793"><ele>244.0</ele></trkpt>
    <trkpt lat="43.738676" lon="7.262669"><ele>252.0</ele></trkpt>
    <trkpt lat="43.739419" lon="7.262701"><ele>265.0</ele></trkpt>
    <trkpt lat="43.739897" lon="7.262528"><ele>271.0</ele></trkpt>
    <trkpt lat="43.74012" lon="7.262528"><ele>273.0</ele></trkpt>
    <trkpt lat="43.740822" lon="7.262802"><ele>285.0</ele></trkpt>
    <trkpt lat="43.741408" lon="7.263512"><ele>291.0</ele></trkpt>
    <trkpt lat="43.741929" lon="7.263705"><ele>295.0</ele></trkpt>
    <trkpt lat="43.742474" lon="7.26365"><ele>302.0</ele></trkpt>
    <trkpt lat="43.743334" lon="7.263448"><ele>312.0</ele></trkpt>
    <trkpt lat="43.743426" lon="7.263343"><ele>314.0</ele></trkpt>
    <trkpt lat="43.743492" lon="7.263352"><ele>314.0</ele></trkpt>
    <trkpt lat="43.743711" lon="7.262918"><ele>319.0</ele></trkpt>
    <trkpt lat="43.743648" lon="7.262057"><ele>328.0</ele></trkpt>
    <trkpt lat="43.743318" lon="7.261019"><ele>337.0</ele></trkpt>
    <trkpt lat="43.742987" lon="7.259834"><ele>338.0</ele></trkpt>
    <trkpt lat="43.742883" lon="7.259044"><ele>342.0</ele></trkpt>
    <trkpt lat="43.742866" lon="7.258774"><ele>346.0</ele></trkpt>
    <trkpt lat="43.742316" lon="7.258313"><ele>357.0</ele></trkpt>
    <trkpt lat="43.74193" lon="7.257703"><ele>362.0</ele></trkpt>
    <trkpt lat="43.741926" lon="7.257199"><ele>366.0</ele></trkpt>
    <trkpt lat="43.742157" lon="7.256842"><ele>371.0</ele></trkpt>
    <trkpt lat="43.74262" lon="7.256366"><ele>376.0</ele></trkpt>
    <trkpt lat="43.742913" lon="7.25615"><ele>378.0</ele></trkpt>
    <trkpt lat="43.743263" lon="7.256218"><ele>380.0</ele></trkpt>
    <trkpt lat="43.743505" lon="7.256439"><ele>381.0</ele></trkpt>
    <trkpt lat="43.744129" lon="7.2566"><ele>386.0</ele></trkpt>
    <trkpt lat="43.744575" lon="7.256832"><ele>390.0</ele></trkpt>
    <trkpt lat="43.744871" lon="7.256937"><ele>394.0</ele></trkpt>
    <trkpt lat="43.745175" lon="7.257111"><ele>399.0</ele></trkpt>
    <trkpt lat="43.745367" lon="7.257233"><ele>403.0</ele></trkpt>
    <trkpt lat="43.745636" lon="7.257905"><ele>419.0</ele></trkpt>
    <trkpt lat="43.745669" lon="7.258282"><ele>428.0</ele></trkpt>
    <trkpt lat="43.745915" lon="7.258737"><ele>439.0</ele></trkpt>
    <trkpt lat="43.746299" lon="7.258602"><ele>445.0</ele></trkpt>
    <trkpt lat="43.746801" lon="7.258856"><ele>449.0</ele></trkpt>
    <trkpt lat="43.746925" lon="7.258848"><ele>453.0</ele></trkpt>
    <trkpt lat="43.7471" lon="7.258804"><ele>458.0</ele></trkpt>
    <trkpt lat="43.747403" lon="7.258624"><ele>466.0</ele></trkpt>
    <trkpt lat="43.747974" lon="7.258379"><ele>470.0</ele></trkpt>
    <trkpt lat="43.74862" lon="7.25839"><ele>471.0</ele></trkpt>
    <trkpt lat="43.749488" lon="7.258382"><ele>470.0</ele></trkpt>
    <trkpt lat="43.750007" lon="7.258501"><ele>472.0</ele></trkpt>
    <trkpt lat="43.750455" lon="7.258585"><ele>476.0</ele></trkpt>
    <trkpt lat="43.75116" lon="7.258714"><ele>480.0</ele></trkpt>
    <trkpt lat="43.751557" lon="7.258702"><ele>483.0</ele></trkpt>
    <trkpt lat="43.751981" lon="7.258667"><ele>487.0</ele></trkpt>
    <trkpt lat="43.752453" lon="7.258527"><ele>491.0</ele></trkpt>
    <trkpt lat="43.752689" lon="7.258378"><ele>491.0</ele></trkpt>
    <trkpt lat="43.753254" lon="7.25811"><ele>493.0</ele></trkpt>
    <trkpt lat="43.753792" lon="7.257963"><ele>498.0</ele></trkpt>
    <trkpt lat="43.75425" lon="7.257981"><ele>497.0</ele></trkpt>
    <trkpt lat="43.75467" lon="7.257838"><ele>496.0</ele></trkpt>
    <trkpt lat="43.754898" lon="7.25745"><ele>497.0</ele></trkpt>
    <trkpt lat="43.755105" lon="7.257148"><ele>503.0</ele></trkpt>
    <trkpt lat="43.755322" lon="7.256329"><ele>512.0</ele></trkpt>
    <trkpt lat="43.755615" lon="7.25584"><ele>517.0</ele></trkpt>
    <trkpt lat="43.755954" lon="7.255691"><ele>522.0</ele></trkpt>
    <trkpt lat="43.756474" lon="7.255377"><ele>528.0</ele></trkpt>
    <trkpt lat="43.756881" lon="7.255172"><ele>532.0</ele></trkpt>
    <trkpt lat="43.757177" lon="7.255083"><ele>537.0</ele></trkpt>
    <trkpt lat="43.757808" lon="7.254694"><ele>543.0</ele></trkpt>
    <trkpt lat="43.758121" lon="7.254522"><ele>548.0</ele></trkpt>
    <trkpt lat="43.758557" lon="7.254308"><ele>556.0</ele></trkpt>
    <trkpt lat="43.758891" lon="7.25402"><ele>557.0</ele></trkpt>
    <trkpt lat="43.759353" lon="7.253667"><ele>561.0</ele></trkpt>
    <trkpt lat="43.759813" lon="7.253367"><ele>566.0</ele></trkpt>
    <trkpt lat="43.760326" lon="7.253081"><ele>572.0</ele></trkpt>
    <trkpt lat="43.760814" lon="7.252824"><ele>578.0</ele></trkpt>
    <trkpt lat="43.761224" lon="7.252618"><ele>585.0</ele></trkpt>
    <trkpt lat="43.761891" lon="7.252255"><ele>595.0</ele></trkpt>
    <trkpt lat="43.762584" lon="7.25206"><ele>601.0</ele></trkpt>
    <trkpt lat="43.763136" lon="7.251971"><ele>606.0</ele></trkpt>
    <trkpt lat="43.76351" lon="7.251915"><ele>613.0</ele></trkpt>
    <trkpt lat="43.763721" lon="7.251622"><ele>614.0</ele></trkpt>
    <trkpt lat="43.764489" lon="7.251157"><ele>625.0</ele></trkpt>
    <trkpt lat="43.764891" lon="7.251113"><ele>628.0</ele></trkpt>
    <trkpt lat="43.765418" lon="7.251264"><ele>634.0</ele></trkpt>
    <trkpt lat="43.766446" lon="7.250935"><ele>645.0</ele></trkpt>
    <trkpt lat="43.766757" lon="7.250681"><ele>650.0</ele></trkpt>
    <trkpt lat="43.767024" lon="7.250531"><ele>654.0</ele></trkpt>
    <trkpt lat="43.767316" lon="7.250554"><ele>659.0</ele></trkpt>
    <trkpt lat="43.767959" lon="7.250312"><ele>666.0</ele></trkpt>
    <trkpt lat="43.768434" lon="7.250507"><ele>668.0</ele></trkpt>
    <trkpt lat="43.769012" lon="7.250267"><ele>675.0</ele></trkpt>
    <trkpt lat="43.769848" lon="7.249891"><ele>686.0</ele></trkpt>
    <trkpt lat="43.770278" lon="7.24963"><ele>685.0</ele></trkpt>
    <trkpt lat="43.77079" lon="7.249918"><ele>686.0</ele></trkpt>
    <trkpt lat="43.771568" lon="7.24989"><ele>685.0</ele></trkpt>
    <trkpt lat="43.772497" lon="7.249717"><ele>682.0</ele></trkpt>
    <trkpt lat="43.773614" lon="7.249504"><ele>673.0</ele></trkpt>
    <trkpt lat="43.774077" lon="7.249465"><ele>669.0</ele></trkpt>
    <trkpt lat="43.774954" lon="7.249381"><ele>663.0</ele></trkpt>
    <trkpt lat="43.775871" lon="7.249123"><ele>664.0</ele></trkpt>
    <trkpt lat="43.776624" lon="7.249056"><ele>658.0</ele></trkpt>
    <trkpt lat="43.77706" lon="7.249193"><ele>657.0</ele></trkpt>
    <trkpt lat="43.777732" lon="7.248923"><ele>656.0</ele></trkpt>
    <trkpt lat="43.778108" lon="7.248771"><ele>649.0</ele></trkpt>
    <trkpt lat="43.778378" lon="7.248615"><ele>640.0</ele></trkpt>
    <trkpt lat="43.778746" lon="7.248336"><ele>629.0</ele></trkpt>
    <trkpt lat="43.779096" lon="7.247996"><ele>618.0</ele></trkpt>
    <trkpt lat="43.779339" lon="7.248116"><ele>612.0</ele></trkpt>
    <trkpt lat="43.779462" lon="7.248198"><ele>608.0</ele></trkpt>
    <trkpt lat="43.77967" lon="7.247849"><ele>601.0</ele></trkpt>
    <trkpt lat="43.779799" lon="7.248394"><ele>596.0</ele></trkpt>
    <trkpt lat="43.779987" lon="7.248743"><ele>594.0</ele></trkpt>
    <trkpt lat="43.780364" lon="7.248785"><ele>586.0</ele></trkpt>
    <trkpt lat="43.78064" lon="7.248806"><ele>579.0</ele></trkpt>
    <trkpt lat="43.780993" lon="7.248785"><ele>570.0</ele></trkpt>
    <trkpt lat="43.781443" lon="7.248928"><ele>561.0</ele></trkpt>
    <trkpt lat="43.781965" lon="7.249372"><ele>548.0</ele></trkpt>
    <trkpt lat="43.782166" lon="7.250108"><ele>538.0</ele></trkpt>
    <trkpt lat="43.782193" lon="7.250646"><ele>532.0</ele></trkpt>
    <trkpt lat="43.782348" lon="7.250746"><ele>524.0</ele></trkpt>
    <trkpt lat="43.782773" lon="7.249991"><ele>512.0</ele></trkpt>
    <trkpt lat="43.782904" lon="7.249452"><ele>505.0</ele></trkpt>
    <trkpt lat="43.783083" lon="7.248453"><ele>492.0</ele></trkpt>
    <trkpt lat="43.783157" lon="7.247501"><ele>482.0</ele></trkpt>
    <trkpt lat="43.783263" lon="7.24749"><ele>483.0</ele></trkpt>
    <trkpt lat="43.783345" lon="7.247214"><ele>480.0</ele></trkpt>
    <trkpt lat="43.783477" lon="7.246673"><ele>477.0</ele></trkpt>
    <trkpt lat="43.783821" lon="7.246049"><ele>476.0</ele></trkpt>
    <trkpt lat="43.784288" lon="7.245356"><ele>485.0</ele></trkpt>
    <trkpt lat="43.784616" lon="7.244881"><ele>491.0</ele></trkpt>
    <trkpt lat="43.784804" lon="7.244695"><ele>493.0</ele></trkpt>
    <trkpt lat="43.784752" lon="7.244195"><ele>495.0</ele></trkpt>
    <trkpt lat="43.784618" lon="7.243815"><ele>496.0</ele></trkpt>
    <trkpt lat="43.78469" lon="7.243832"><ele>497.0</ele></trkpt>
    <trkpt lat="43.785295" lon="7.244087"><ele>502.0</ele></trkpt>
    <trkpt lat="43.785825" lon="7.244289"><ele>510.0</ele></trkpt>
    <trkpt lat="43.7863" lon="7.244202"><ele>518.0</ele></trkpt>
    <trkpt lat="43.786606" lon="7.24408"><ele>523.0</ele></trkpt>
    <trkpt lat="43.787248" lon="7.244109"><ele>533.0</ele></trkpt>
    <trkpt lat="43.787663" lon="7.244649"><ele>542.0</ele></trkpt>
    <trkpt lat="43.788109" lon="7.245273"><ele>552.0</ele></trkpt>
    <trkpt lat="43.788409" lon="7.245585"><ele>559.0</ele></trkpt>
    <trkpt lat="43.788367" lon="7.245864"><ele>565.0</ele></trkpt>
    <trkpt lat="43.788173" lon="7.246142"><ele>567.0</ele></trkpt>
    <trkpt lat="43.788605" lon="7.246555"><ele>576.0</ele></trkpt>
    <trkpt lat="43.788817" lon="7.246538"><ele>579.0</ele></trkpt>
    <trkpt lat="43.788757" lon="7.246613"><ele>579.0</ele></trkpt>
    <trkpt lat="43.788774" lon="7.246684"><ele>581.0</ele></trkpt>
    <trkpt lat="43.788854" lon="7.246745"><ele>583.0</ele></trkpt>
    <trkpt lat="43.788935" lon="7.246804"><ele>584.0</ele></trkpt>
    <trkpt lat="43.788995" lon="7.246905"><ele>586.0</ele></trkpt>
    <trkpt lat="43.789034" lon="7.247037"><ele>589.0</ele></trkpt>
    <trkpt lat="43.789064" lon="7.247177"><ele>591.0</ele></trkpt>
    <trkpt lat="43.789091" lon="7.247332"><ele>594.0</ele></trkpt>
    <trkpt lat="43.789124" lon="7.247486"><ele>597.0</ele></trkpt>
    <trkpt lat="43.789182" lon="7.247608"><ele>600.0</ele></trkpt>
    <trkpt lat="43.789258" lon="7.247713"><ele>603.0</ele></trkpt>
    <trkpt lat="43.789454" lon="7.247961"><ele>612.0</ele></trkpt>
    <trkpt lat="43.789519" lon="7.247977"><ele>613.0</ele></trkpt>
    <trkpt lat="43.789861" lon="7.247855"><ele>618.0</ele></trkpt>
    <trkpt lat="43.790575" lon="7.247657"><ele>630.0</ele></trkpt>
    <trkpt lat="43.791066" lon="7.247552"><ele>640.0</ele></trkpt>
    <trkpt lat="43.791494" lon="7.247464"><ele>647.0</ele></trkpt>
    <trkpt lat="43.792091" lon="7.247688"><ele>658.0</ele></trkpt>
    <trkpt lat="43.792711" lon="7.247834"><ele>666.0</ele></trkpt>
    <trkpt lat="43.793071" lon="7.248154"><ele>671.0</ele></trkpt>
    <trkpt lat="43.793416" lon="7.248355"><ele>672.0</ele></trkpt>
    <trkpt lat="43.793947" lon="7.248448"><ele>675.0</ele></trkpt>
    <trkpt lat="43.794852" lon="7.248889"><ele>677.0</ele></trkpt>
    <trkpt lat="43.795626" lon="7.249015"><ele>682.0</ele></trkpt>
    <trkpt lat="43.796303" lon="7.249003"><ele>683.0</ele></trkpt>
    <trkpt lat="43.797301" lon="7.248036"><ele>701.0</ele></trkpt>
    <trkpt lat="43.798108" lon="7.247556"><ele>703.0</ele></trkpt>
    <trkpt lat="43.7984" lon="7.247395"><ele>699.0</ele></trkpt>
    <trkpt lat="43.798705" lon="7.247181"><ele>698.0</ele></trkpt>
    <trkpt lat="43.799547" lon="7.24693"><ele>689.0</ele></trkpt>
    <trkpt lat="43.800023" lon="7.246835"><ele>683.0</ele></trkpt>
    <trkpt lat="43.800336" lon="7.246735"><ele>682.0</ele></trkpt>
    <trkpt lat="43.800432" lon="7.246854"><ele>682.0</ele></trkpt>
    <trkpt lat="43.800563" lon="7.247182"><ele>684.0</ele></trkpt>
    <trkpt lat="43.800739" lon="7.247962"><ele>693.0</ele></trkpt>
    <trkpt lat="43.800736" lon="7.248663"><ele>692.0</ele></trkpt>
    <trkpt lat="43.800909" lon="7.249181"><ele>698.0</ele></trkpt>
    <trkpt lat="43.801136" lon="7.24957"><ele>700.0</ele></trkpt>
    <trkpt lat="43.80149" lon="7.249794"><ele>703.0</ele></trkpt>
    <trkpt lat="43.801769" lon="7.249984"><ele>708.0</ele></trkpt>
    <trkpt lat="43.802" lon="7.250308"><ele>714.0</ele></trkpt>
    <trkpt lat="43.802282" lon="7.250908"><ele>713.0</ele></trkpt>
    <trkpt lat="43.802715" lon="7.251423"><ele>712.0</ele></trkpt>
    <trkpt lat="43.803162" lon="7.251671"><ele>714.0</ele></trkpt>
    <trkpt lat="43.803878" lon="7.251699"><ele>722.0</ele></trkpt>
    <trkpt lat="43.804615" lon="7.251463"><ele>729.0</ele></trkpt>
    <trkpt lat="43.805094" lon="7.251324"><ele>728.0</ele></trkpt>
    <trkpt lat="43.805508" lon="7.251232"><ele>729.0</ele></trkpt>
    <trkpt lat="43.806041" lon="7.251197"><ele>732.0</ele></trkpt>
    <trkpt lat="43.806398" lon="7.251096"><ele>731.0</ele></trkpt>
    <trkpt lat="43.806738" lon="7.251025"><ele>731.0</ele></trkpt>
    <trkpt lat="43.806917" lon="7.250989"><ele>734.0</ele></trkpt>
    <trkpt lat="43.807137" lon="7.251079"><ele>734.0</ele></trkpt>
    <trkpt lat="43.807648" lon="7.251156"><ele>738.0</ele></trkpt>
    <trkpt lat="43.808093" lon="7.250882"><ele>736.0</ele></trkpt>
    <trkpt lat="43.808378" lon="7.250456"><ele>741.0</ele></trkpt>
    <trkpt lat="43.808485" lon="7.250539"><ele>736.0</ele></trkpt>
    <trkpt lat="43.808757" lon="7.250695"><ele>728.0</ele></trkpt>
    <trkpt lat="43.809049" lon="7.250752"><ele>728.0</ele></trkpt>
    <trkpt lat="43.809447" lon="7.250949"><ele>725.0</ele></trkpt>
    <trkpt lat="43.809864" lon="7.251363"><ele>717.0</ele></trkpt>
    <trkpt lat="43.810275" lon="7.251909"><ele>714.0</ele></trkpt>
    <trkpt lat="43.810568" lon="7.25234"><ele>710.0</ele></trkpt>
    <trkpt lat="43.810788" lon="7.25245"><ele>706.0</ele></trkpt>
    <trkpt lat="43.811151" lon="7.252853"><ele>695.0</ele></trkpt>
    <trkpt lat="43.811522" lon="7.253028"><ele>689.0</ele></trkpt>
    <trkpt lat="43.811893" lon="7.253294"><ele>685.0</ele></trkpt>
    <trkpt lat="43.812526" lon="7.253445"><ele>675.0</ele></trkpt>
    <trkpt lat="43.812949" lon="7.253716"><ele>664.0</ele></trkpt>
    <trkpt lat="43.813344" lon="7.253764"><ele>661.0</ele></trkpt>
    <trkpt lat="43.813828" lon="7.253906"><ele>663.0</ele></trkpt>
    <trkpt lat="43.814417" lon="7.253932"><ele>668.0</ele></trkpt>
    <trkpt lat="43.814938" lon="7.253697"><ele>658.0</ele></trkpt>
    <trkpt lat="43.815498" lon="7.253393"><ele>647.0</ele></trkpt>
    <trkpt lat="43.816097" lon="7.253691"><ele>626.0</ele></trkpt>
    <trkpt lat="43.816561" lon="7.254164"><ele>612.0</ele></trkpt>
    <trkpt lat="43.817098" lon="7.254655"><ele>606.0</ele></trkpt>
    <trkpt lat="43.817246" lon="7.2545"><ele>603.0</ele></trkpt>
    <trkpt lat="43.817979" lon="7.25468"><ele>592.0</ele></trkpt>
    <trkpt lat="43.818555" lon="7.254947"><ele>587.0</ele></trkpt>
    <trkpt lat="43.818877" lon="7.255091"><ele>582.0</ele></trkpt>
    <trkpt lat="43.819569" lon="7.255483"><ele>565.0</ele></trkpt>
    <trkpt lat="43.819886" lon="7.255743"><ele>564.0</ele></trkpt>
    <trkpt lat="43.819932" lon="7.255802"><ele>564.0</ele></trkpt>
    <trkpt lat="43.820576" lon="7.255173"><ele>563.0</ele></trkpt>
    <trkpt lat="43.821327" lon="7.254624"><ele>563.0</ele></trkpt>
    <trkpt lat="43.821704" lon="7.254202"><ele>561.0</ele></trkpt>
    <trkpt lat="43.82234" lon="7.253719"><ele>562.0</ele></trkpt>
    <trkpt lat="43.823288" lon="7.252824"><ele>563.0</ele></trkpt>
    <trkpt lat="43.824197" lon="7.252269"><ele>561.0</ele></trkpt>
    <trkpt lat="43.825021" lon="7.251743"><ele>552.0</ele></trkpt>
    <trkpt lat="43.825731" lon="7.251216"><ele>544.0</ele></trkpt>
    <trkpt lat="43.826892" lon="7.250181"><ele>531.0</ele></trkpt>
    <trkpt lat="43.827448" lon="7.249689"><ele>525.0</ele></trkpt>
    <trkpt lat="43.827666" lon="7.249601"><ele>524.0</ele></trkpt>
    <trkpt lat="43.828432" lon="7.249723"><ele>530.0</ele></trkpt>
    <trkpt lat="43.828669" lon="7.24926"><ele>525.0</ele></trkpt>
    <trkpt lat="43.828901" lon="7.249001"><ele>526.0</ele></trkpt>
    <trkpt lat="43.829726" lon="7.248614"><ele>524.0</ele></trkpt>
    <trkpt lat="43.830147" lon="7.248928"><ele>524.0</ele></trkpt>
    <trkpt lat="43.830341" lon="7.248915"><ele>525.0</ele></trkpt>
    <trkpt lat="43.830664" lon="7.248506"><ele>522.0</ele></trkpt>
    <trkpt lat="43.831322" lon="7.248327"><ele>524.0</ele></trkpt>
    <trkpt lat="43.831708" lon="7.247975"><ele>517.0</ele></trkpt>
    <trkpt lat="43.832442" lon="7.247722"><ele>512.0</ele></trkpt>
    <trkpt lat="43.833159" lon="7.247444"><ele>507.0</ele></trkpt>
    <trkpt lat="43.83372" lon="7.247263"><ele>505.0</ele></trkpt>
    <trkpt lat="43.834481" lon="7.247089"><ele>508.0</ele></trkpt>
    <trkpt lat="43.835057" lon="7.24668"><ele>511.0</ele></trkpt>
    <trkpt lat="43.835387" lon="7.246478"><ele>516.0</ele></trkpt>
    <trkpt lat="43.835606" lon="7.24615"><ele>523.0</ele></trkpt>
    <trkpt lat="43.835684" lon="7.245997"><ele>525.0</ele></trkpt>
    <trkpt lat="43.835875" lon="7.245439"><ele>529.0</ele></trkpt>
    <trkpt lat="43.835825" lon="7.244603"><ele>534.0</ele></trkpt>
    <trkpt lat="43.835845" lon="7.243934"><ele>531.0</ele></trkpt>
    <trkpt lat="43.835983" lon="7.243405"><ele>531.0</ele></trkpt>
    <trkpt lat="43.835804" lon="7.242909"><ele>519.0</ele></trkpt>
    <trkpt lat="43.835762" lon="7.242335"><ele>507.0</ele></trkpt>
    <trkpt lat="43.836002" lon="7.241884"><ele>521.0</ele></trkpt>
    <trkpt lat="43.835718" lon="7.241768"><ele>511.0</ele></trkpt>
    <trkpt lat="43.835328" lon="7.241618"><ele>500.0</ele></trkpt>
    <trkpt lat="43.834735" lon="7.240841"><ele>493.0</ele></trkpt>
    <trkpt lat="43.834603" lon="7.240439"><ele>489.0</ele></trkpt>
    <trkpt lat="43.835005" lon="7.239661"><ele>487.0</ele></trkpt>
    <trkpt lat="43.835363" lon="7.23902"><ele>482.0</ele></trkpt>
    <trkpt lat="43.83597" lon="7.237983"><ele>470.0</ele></trkpt>
    <trkpt lat="43.836355" lon="7.237727"><ele>473.0</ele></trkpt>
    <trkpt lat="43.836591" lon="7.237767"><ele>482.0</ele></trkpt>
    <trkpt lat="43.836709" lon="7.23788"><ele>490.0</ele></trkpt>
    <trkpt lat="43.83683" lon="7.237911"><ele>495.0</ele></trkpt>
    <trkpt lat="43.836916" lon="7.238123"><ele>505.0</ele></trkpt>
    <trkpt lat="43.837159" lon="7.23841"><ele>522.0</ele></trkpt>
    <trkpt lat="43.837505" lon="7.238426"><ele>534.0</ele></trkpt>
    <trkpt lat="43.837795" lon="7.238295"><ele>542.0</ele></trkpt>
    <trkpt lat="43.838099" lon="7.237713"><ele>542.0</ele></trkpt>
    <trkpt lat="43.838646" lon="7.237299"><ele>559.0</ele></trkpt>
    <trkpt lat="43.839032" lon="7.237203"><ele>575.0</ele></trkpt>
    <trkpt lat="43.83912" lon="7.237345"><ele>579.0</ele></trkpt>
    <trkpt lat="43.839387" lon="7.237251"><ele>586.0</ele></trkpt>
    <trkpt lat="43.839679" lon="7.236645"><ele>593.0</ele></trkpt>
    <trkpt lat="43.839939" lon="7.237135"><ele>589.0</ele></trkpt>
    <trkpt lat="43.840345" lon="7.237238"><ele>581.0</ele></trkpt>
    <trkpt lat="43.840512" lon="7.237586"><ele>576.0</ele></trkpt>
    <trkpt lat="43.840815" lon="7.237336"><ele>566.0</ele></trkpt>
    <trkpt lat="43.840946" lon="7.236973"><ele>561.0</ele></trkpt>
    <trkpt lat="43.841086" lon="7.236465"><ele>559.0</ele></trkpt>
    <trkpt lat="43.841443" lon="7.236606"><ele>555.0</ele></trkpt>
    <trkpt lat="43.841863" lon="7.236827"><ele>556.0</ele></trkpt>
    <trkpt lat="43.842358" lon="7.237323"><ele>565.0</ele></trkpt>
    <trkpt lat="43.8427" lon="7.237609"><ele>567.0</ele></trkpt>
    <trkpt lat="43.84296" lon="7.237809"><ele>568.0</ele></trkpt>
    <trkpt lat="43.843362" lon="7.237886"><ele>567.0</ele></trkpt>
    <trkpt lat="43.843848" lon="7.237852"><ele>560.0</ele></trkpt>
    <trkpt lat="43.843899" lon="7.238151"><ele>557.0</ele></trkpt>
    <trkpt lat="43.843804" lon="7.238529"><ele>558.0</ele></trkpt>
    <trkpt lat="43.844105" lon="7.23874"><ele>550.0</ele></trkpt>
    <trkpt lat="43.844365" lon="7.238992"><ele>543.0</ele></trkpt>
    <trkpt lat="43.845318" lon="7.237766"><ele>542.0</ele></trkpt>
    <trkpt lat="43.845997" lon="7.23687"><ele>540.0</ele></trkpt>
    <trkpt lat="43.846794" lon="7.235762"><ele>541.0</ele></trkpt>
    <trkpt lat="43.847439" lon="7.235085"><ele>542.0</ele></trkpt>
    <trkpt lat="43.848395" lon="7.234348"><ele>543.0</ele></trkpt>
    <trkpt lat="43.849011" lon="7.23369"><ele>543.0</ele></trkpt>
    <trkpt lat="43.849456" lon="7.233981"><ele>543.0</ele></trkpt>
    <trkpt lat="43.849761" lon="7.234599"><ele>544.0</ele></trkpt>
    <trkpt lat="43.850266" lon="7.234663"><ele>544.0</ele></trkpt>
    <trkpt lat="43.850721" lon="7.234424"><ele>545.0</ele></trkpt>
    <trkpt lat="43.85117" lon="7.234646"><ele>541.0</ele></trkpt>
    <trkpt lat="43.851498" lon="7.235024"><ele>532.0</ele></trkpt>
    <trkpt lat="43.851991" lon="7.234422"><ele>528.0</ele></trkpt>
    <trkpt lat="43.85246" lon="7.233931"><ele>519.0</ele></trkpt>
    <trkpt lat="43.85283" lon="7.233751"><ele>514.0</ele></trkpt>
    <trkpt lat="43.853012" lon="7.233791"><ele>516.0</ele></trkpt>
    <trkpt lat="43.853102" lon="7.233755"><ele>517.0</ele></trkpt>
    <trkpt lat="43.853257" lon="7.23362"><ele>518.0</ele></trkpt>
    <trkpt lat="43.853794" lon="7.232899"><ele>519.0</ele></trkpt>
    <trkpt lat="43.853949" lon="7.232572"><ele>515.0</ele></trkpt>
    <trkpt lat="43.854149" lon="7.23223"><ele>511.0</ele></trkpt>
    <trkpt lat="43.85415" lon="7.231892"><ele>504.0</ele></trkpt>
    <trkpt lat="43.854281" lon="7.231703"><ele>503.0</ele></trkpt>
    <trkpt lat="43.854483" lon="7.231107"><ele>504.0</ele></trkpt>
    <trkpt lat="43.85457" lon="7.23031"><ele>501.0</ele></trkpt>
    <trkpt lat="43.854664" lon="7.229749"><ele>500.0</ele></trkpt>
    <trkpt lat="43.854956" lon="7.229329"><ele>499.0</ele></trkpt>
    <trkpt lat="43.855238" lon="7.228271"><ele>497.0</ele></trkpt>
    <trkpt lat="43.855495" lon="7.227456"><ele>498.0</ele></trkpt>
    <trkpt lat="43.855933" lon="7.227261"><ele>499.0</ele></trkpt>
    <trkpt lat="43.856221" lon="7.227293"><ele>503.0</ele></trkpt>
    <trkpt lat="43.856356" lon="7.227258"><ele>506.0</ele></trkpt>
    <trkpt lat="43.856388" lon="7.227082"><ele>509.0</ele></trkpt>
    <trkpt lat="43.85652" lon="7.227051"><ele>513.0</ele></trkpt>
    <trkpt lat="43.856656" lon="7.227045"><ele>516.0</ele></trkpt>
    <trkpt lat="43.856771" lon="7.226707"><ele>521.0</ele></trkpt>
    <trkpt lat="43.856877" lon="7.226958"><ele>522.0</ele></trkpt>
    <trkpt lat="43.856974" lon="7.226709"><ele>528.0</ele></trkpt>
    <trkpt lat="43.857023" lon="7.226892"><ele>527.0</ele></trkpt>
    <trkpt lat="43.857152" lon="7.226812"><ele>532.0</ele></trkpt>
    <trkpt lat="43.857357" lon="7.226284"><ele>546.0</ele></trkpt>
    <trkpt lat="43.857371" lon="7.226479"><ele>544.0</ele></trkpt>
    <trkpt lat="43.85752" lon="7.226726"><ele>544.0</ele></trkpt>
    <trkpt lat="43.858169" lon="7.227178"><ele>541.0</ele></trkpt>
    <trkpt lat="43.859409" lon="7.227422"><ele>533.0</ele></trkpt>
    <trkpt lat="43.859905" lon="7.227666"><ele>526.0</ele></trkpt>
    <trkpt lat="43.86016" lon="7.228576"><ele>519.0</ele></trkpt>
    <trkpt lat="43.860605" lon="7.229063"><ele>517.0</ele></trkpt>
    <trkpt lat="43.861312" lon="7.229077"><ele>513.0</ele></trkpt>
    <trkpt lat="43.862056" lon="7.229006"><ele>516.0</ele></trkpt>
    <trkpt lat="43.862325" lon="7.228889"><ele>520.0</ele></trkpt>
    <trkpt lat="43.862866" lon="7.228563"><ele>526.0</ele></trkpt>
    <trkpt lat="43.863184" lon="7.228459"><ele>532.0</ele></trkpt>
    <trkpt lat="43.863397" lon="7.228244"><ele>532.0</ele></trkpt>
    <trkpt lat="43.864156" lon="7.227864"><ele>533.0</ele></trkpt>
    <trkpt lat="43.865057" lon="7.227707"><ele>534.0</ele></trkpt>
    <trkpt lat="43.865744" lon="7.227794"><ele>535.0</ele></trkpt>
    <trkpt lat="43.865722" lon="7.228715"><ele>523.0</ele></trkpt>
    <trkpt lat="43.865713" lon="7.229157"><ele>522.0</ele></trkpt>
    <trkpt lat="43.865964" lon="7.22924"><ele>518.0</ele></trkpt>
    <trkpt lat="43.866077" lon="7.229032"><ele>514.0</ele></trkpt>
    <trkpt lat="43.866218" lon="7.228681"><ele>510.0</ele></trkpt>
    <trkpt lat="43.866847" lon="7.228298"><ele>504.0</ele></trkpt>
    <trkpt lat="43.867116" lon="7.228499"><ele>506.0</ele></trkpt>
    <trkpt lat="43.867445" lon="7.228323"><ele>502.0</ele></trkpt>
    <trkpt lat="43.868037" lon="7.228167"><ele>495.0</ele></trkpt>
    <trkpt lat="43.86826" lon="7.227817"><ele>485.0</ele></trkpt>
    <trkpt lat="43.86859" lon="7.227575"><ele>481.0</ele></trkpt>
    <trkpt lat="43.868554" lon="7.227155"><ele>468.0</ele></trkpt>
    <trkpt lat="43.869019" lon="7.226738"><ele>463.0</ele></trkpt>
    <trkpt lat="43.869775" lon="7.226146"><ele>447.0</ele></trkpt>
    <trkpt lat="43.870119" lon="7.226177"><ele>442.0</ele></trkpt>
    <trkpt lat="43.870104" lon="7.226057"><ele>439.0</ele></trkpt>
    <trkpt lat="43.869906" lon="7.225878"><ele>436.0</ele></trkpt>
    <trkpt lat="43.870061" lon="7.22578"><ele>432.0</ele></trkpt>
    <trkpt lat="43.870438" lon="7.225934"><ele>428.0</ele></trkpt>
    <trkpt lat="43.870779" lon="7.226542"><ele>429.0</ele></trkpt>
    <trkpt lat="43.870991" lon="7.226212"><ele>423.0</ele></trkpt>
    <trkpt lat="43.87157" lon="7.225481"><ele>416.0</ele></trkpt>
    <trkpt lat="43.871887" lon="7.225017"><ele>403.0</ele></trkpt>
    <trkpt lat="43.872062" lon="7.225175"><ele>403.0</ele></trkpt>
    <trkpt lat="43.872233" lon="7.225434"><ele>404.0</ele></trkpt>
    <trkpt lat="43.872789" lon="7.226241"><ele>396.0</ele></trkpt>
    <trkpt lat="43.873211" lon="7.226896"><ele>390.0</ele></trkpt>
    <trkpt lat="43.873541" lon="7.226822"><ele>379.0</ele></trkpt>
    <trkpt lat="43.873893" lon="7.226502"><ele>365.0</ele></trkpt>
    <trkpt lat="43.874292" lon="7.226335"><ele>354.0</ele></trkpt>
    <trkpt lat="43.874512" lon="7.226324"><ele>342.0</ele></trkpt>
    <trkpt lat="43.874564" lon="7.227185"><ele>344.0</ele></trkpt>
    <trkpt lat="43.874626" lon="7.227227"><ele>339.0</ele></trkpt>
    <trkpt lat="43.874713" lon="7.227298"><ele>332.0</ele></trkpt>
    <trkpt lat="43.87482" lon="7.226885"><ele>323.0</ele></trkpt>
    <trkpt lat="43.874907" lon="7.227423"><ele>316.0</ele></trkpt>
    <trkpt lat="43.874996" lon="7.227304"><ele>311.0</ele></trkpt>
    <trkpt lat="43.875066" lon="7.227189"><ele>306.0</ele></trkpt>
    <trkpt lat="43.87517" lon="7.227609"><ele>298.0</ele></trkpt>
    <trkpt lat="43.875216" lon="7.227261"><ele>297.0</ele></trkpt>
    <trkpt lat="43.87532" lon="7.227503"><ele>291.0</ele></trkpt>
    <trkpt lat="43.875411" lon="7.227435"><ele>286.0</ele></trkpt>
    <trkpt lat="43.875385" lon="7.227051"><ele>283.0</ele></trkpt>
    <trkpt lat="43.875618" lon="7.227369"><ele>273.0</ele></trkpt>
    <trkpt lat="43.875642" lon="7.22792"><ele>266.0</ele></trkpt>
    <trkpt lat="43.875467" lon="7.228397"><ele>265.0</ele></trkpt>
    <trkpt lat="43.875501" lon="7.228513"><ele>266.0</ele></trkpt>
    <trkpt lat="43.875958" lon="7.228613"><ele>254.0</ele></trkpt>
    <trkpt lat="43.876298" lon="7.229167"><ele>254.0</ele></trkpt>
    <trkpt lat="43.876478" lon="7.229705"><ele>256.0</ele></trkpt>
    <trkpt lat="43.876851" lon="7.230046"><ele>246.0</ele></trkpt>
    <trkpt lat="43.877236" lon="7.230194"><ele>237.0</ele></trkpt>
    <trkpt lat="43.877381" lon="7.230419"><ele>240.0</ele></trkpt>
    <trkpt lat="43.877876" lon="7.230796"><ele>221.0</ele></trkpt>
    <trkpt lat="43.878033" lon="7.230805"><ele>209.0</ele></trkpt>
    <trkpt lat="43.87811" lon="7.230854"><ele>205.0</ele></trkpt>
    <trkpt lat="43.878171" lon="7.231073"><ele>204.0</ele></trkpt>
    <trkpt lat="43.878209" lon="7.231327"><ele>204.0</ele></trkpt>
    <trkpt lat="43.878255" lon="7.231499"><ele>202.0</ele></trkpt>
    <trkpt lat="43.878302" lon="7.231693"><ele>200.0</ele></trkpt>
    <trkpt lat="43.878332" lon="7.231898"><ele>199.0</ele></trkpt>
    <trkpt lat="43.878351" lon="7.23197"><ele>198.0</ele></trkpt>
    <trkpt lat="43.878387" lon="7.231841"><ele>194.0</ele></trkpt>
    <trkpt lat="43.878438" lon="7.231706"><ele>189.0</ele></trkpt>
    <trkpt lat="43.878467" lon="7.231556"><ele>186.0</ele></trkpt>
    <trkpt lat="43.878449" lon="7.231422"><ele>187.0</ele></trkpt>
    <trkpt lat="43.878658" lon="7.231353"><ele>183.0</ele></trkpt>
    <trkpt lat="43.878811" lon="7.231308"><ele>180.0</ele></trkpt>
    <trkpt lat="43.878916" lon="7.231305"><ele>181.0</ele></trkpt>
    <trkpt lat="43.879129" lon="7.231473"><ele>190.0</ele></trkpt>
    <trkpt lat="43.879222" lon="7.231825"><ele>193.0</ele></trkpt>
    <trkpt lat="43.879304" lon="7.232164"><ele>196.0</ele></trkpt>
    <trkpt lat="43.879366" lon="7.232441"><ele>198.0</ele></trkpt>
    <trkpt lat="43.879365" lon="7.232151"><ele>200.0</ele></trkpt>
    <trkpt lat="43.879376" lon="7.23197"><ele>201.0</ele></trkpt>
    <trkpt lat="43.879405" lon="7.232343"><ele>202.0</ele></trkpt>
    <trkpt lat="43.879441" lon="7.232544"><ele>202.0</ele></trkpt>
    <trkpt lat="43.879453" lon="7.231937"><ele>206.0</ele></trkpt>
    <trkpt lat="43.87943" lon="7.231182"><ele>203.0</ele></trkpt>
    <trkpt lat="43.879604" lon="7.232339"><ele>215.0</ele></trkpt>
    <trkpt lat="43.879731" lon="7.232964"><ele>211.0</ele></trkpt>
    <trkpt lat="43.880033" lon="7.23318"><ele>208.0</ele></trkpt>
    <trkpt lat="43.880508" lon="7.232922"><ele>227.0</ele></trkpt>
    <trkpt lat="43.881196" lon="7.233105"><ele>247.0</ele></trkpt>
    <trkpt lat="43.881493" lon="7.233157"><ele>251.0</ele></trkpt>
    <trkpt lat="43.88154" lon="7.233283"><ele>250.0</ele></trkpt>
    <trkpt lat="43.881541" lon="7.233417"><ele>254.0</ele></trkpt>
    <trkpt lat="43.881436" lon="7.233499"><ele>257.0</ele></trkpt>
    <trkpt lat="43.881112" lon="7.233513"><ele>253.0</ele></trkpt>
    <trkpt lat="43.880992" lon="7.233575"><ele>255.0</ele></trkpt>
    <trkpt lat="43.880854" lon="7.233606"><ele>253.0</ele></trkpt>
    <trkpt lat="43.880815" lon="7.233666"><ele>255.0</ele></trkpt>
    <trkpt lat="43.880819" lon="7.233752"><ele>260.0</ele></trkpt>
    <trkpt lat="43.880925" lon="7.233723"><ele>262.0</ele></trkpt>
    <trkpt lat="43.881008" lon="7.233839"><ele>269.0</ele></trkpt>
    <trkpt lat="43.881004" lon="7.233892"><ele>272.0</ele></trkpt>
    <trkpt lat="43.880973" lon="7.234014"><ele>276.0</ele></trkpt>
    <trkpt lat="43.881083" lon="7.234029"><ele>280.0</ele></trkpt>
    <trkpt lat="43.880996" lon="7.234163"><ele>282.0</ele></trkpt>
    <trkpt lat="43.881163" lon="7.234122"><ele>286.0</ele></trkpt>
    <trkpt lat="43.881313" lon="7.234162"><ele>290.0</ele></trkpt>
    <trkpt lat="43.881445" lon="7.2342"><ele>292.0</ele></trkpt>
    <trkpt lat="43.881836" lon="7.234341"><ele>298.0</ele></trkpt>
    <trkpt lat="43.881835" lon="7.234392"><ele>300.0</ele></trkpt>
    <trkpt lat="43.881814" lon="7.234542"><ele>303.0</ele></trkpt>
    <trkpt lat="43.881928" lon="7.234545"><ele>306.0</ele></trkpt>
    <trkpt lat="43.881901" lon="7.234717"><ele>309.0</ele></trkpt>
    <trkpt lat="43.881925" lon="7.234777"><ele>311.0</ele></trkpt>
    <trkpt lat="43.881955" lon="7.234924"><ele>314.0</ele></trkpt>
    <trkpt lat="43.882045" lon="7.235144"><ele>318.0</ele></trkpt>
    <trkpt lat="43.882218" lon="7.235211"><ele>324.0</ele></trkpt>
    <trkpt lat="43.882294" lon="7.235414"><ele>327.0</ele></trkpt>
    <trkpt lat="43.882427" lon="7.235558"><ele>331.0</ele></trkpt>
    <trkpt lat="43.882639" lon="7.235724"><ele>336.0</ele></trkpt>
    <trkpt lat="43.882875" lon="7.235882"><ele>343.0</ele></trkpt>
    <trkpt lat="43.883051" lon="7.236258"><ele>347.0</ele></trkpt>
    <trkpt lat="43.883153" lon="7.236656"><ele>347.0</ele></trkpt>
    <trkpt lat="43.883235" lon="7.236976"><ele>345.0</ele></trkpt>
    <trkpt lat="43.883321" lon="7.237326"><ele>343.0</ele></trkpt>
    <trkpt lat="43.883544" lon="7.237778"><ele>349.0</ele></trkpt>
    <trkpt lat="43.883754" lon="7.238349"><ele>355.0</ele></trkpt>
    <trkpt lat="43.883888" lon="7.238726"><ele>361.0</ele></trkpt>
    <trkpt lat="43.883877" lon="7.23888"><ele>361.0</ele></trkpt>
    <trkpt lat="43.8839" lon="7.239016"><ele>363.0</ele></trkpt>
    <trkpt lat="43.883954" lon="7.238951"><ele>367.0</ele></trkpt>
    <trkpt lat="43.883989" lon="7.238824"><ele>368.0</ele></trkpt>
    <trkpt lat="43.884035" lon="7.238963"><ele>372.0</ele></trkpt>
    <trkpt lat="43.884163" lon="7.23931"><ele>378.0</ele></trkpt>
    <trkpt lat="43.884304" lon="7.239618"><ele>382.0</ele></trkpt>
    <trkpt lat="43.884421" lon="7.239924"><ele>385.0</ele></trkpt>
    <trkpt lat="43.884517" lon="7.240241"><ele>387.0</ele></trkpt>
    <trkpt lat="43.884682" lon="7.240511"><ele>394.0</ele></trkpt>
    <trkpt lat="43.884799" lon="7.240671"><ele>396.0</ele></trkpt>
    <trkpt lat="43.884978" lon="7.240686"><ele>402.0</ele></trkpt>
    <trkpt lat="43.885166" lon="7.2407"><ele>406.0</ele></trkpt>
    <trkpt lat="43.885406" lon="7.240832"><ele>410.0</ele></trkpt>
    <trkpt lat="43.885671" lon="7.241101"><ele>416.0</ele></trkpt>
    <trkpt lat="43.885749" lon="7.241231"><ele>419.0</ele></trkpt>
    <trkpt lat="43.885804" lon="7.24141"><ele>422.0</ele></trkpt>
    <trkpt lat="43.885847" lon="7.241724"><ele>426.0</ele></trkpt>
    <trkpt lat="43.885918" lon="7.242135"><ele>433.0</ele></trkpt>
    <trkpt lat="43.885972" lon="7.242467"><ele>437.0</ele></trkpt>
    <trkpt lat="43.886015" lon="7.242648"><ele>440.0</ele></trkpt>
    <trkpt lat="43.886059" lon="7.242498"><ele>443.0</ele></trkpt>
    <trkpt lat="43.886121" lon="7.242214"><ele>449.0</ele></trkpt>
    <trkpt lat="43.886173" lon="7.241934"><ele>452.0</ele></trkpt>
    <trkpt lat="43.886201" lon="7.241773"><ele>453.0</ele></trkpt>
    <trkpt lat="43.886245" lon="7.241617"><ele>455.0</ele></trkpt>
    <trkpt lat="43.886311" lon="7.241422"><ele>457.0</ele></trkpt>
    <trkpt lat="43.886398" lon="7.24133"><ele>460.0</ele></trkpt>
    <trkpt lat="43.88645" lon="7.241349"><ele>463.0</ele></trkpt>
    <trkpt lat="43.886456" lon="7.241508"><ele>467.0</ele></trkpt>
    <trkpt lat="43.886515" lon="7.241454"><ele>469.0</ele></trkpt>
    <trkpt lat="43.886672" lon="7.241275"><ele>474.0</ele></trkpt>
    <trkpt lat="43.886734" lon="7.241152"><ele>475.0</ele></trkpt>
    <trkpt lat="43.886748" lon="7.24124"><ele>478.0</ele></trkpt>
    <trkpt lat="43.886696" lon="7.241632"><ele>483.0</ele></trkpt>
    <trkpt lat="43.886716" lon="7.241835"><ele>487.0</ele></trkpt>
    <trkpt lat="43.886797" lon="7.241921"><ele>492.0</ele></trkpt>
    <trkpt lat="43.886826" lon="7.241973"><ele>494.0</ele></trkpt>
    <trkpt lat="43.886826" lon="7.242057"><ele>495.0</ele></trkpt>
    <trkpt lat="43.886867" lon="7.242128"><ele>498.0</ele></trkpt>
    <trkpt lat="43.886869" lon="7.24226"><ele>500.0</ele></trkpt>
    <trkpt lat="43.886898" lon="7.242239"><ele>501.0</ele></trkpt>
    <trkpt lat="43.886939" lon="7.242163"><ele>503.0</ele></trkpt>
    <trkpt lat="43.886979" lon="7.242122"><ele>505.0</ele></trkpt>
    <trkpt lat="43.887017" lon="7.242305"><ele>508.0</ele></trkpt>
    <trkpt lat="43.88704" lon="7.24245"><ele>510.0</ele></trkpt>
    <trkpt lat="43.887077" lon="7.242434"><ele>512.0</ele></trkpt>
    <trkpt lat="43.887119" lon="7.242434"><ele>515.0</ele></trkpt>
    <trkpt lat="43.887138" lon="7.242534"><ele>516.0</ele></trkpt>
    <trkpt lat="43.887169" lon="7.242561"><ele>518.0</ele></trkpt>
    <trkpt lat="43.887201" lon="7.242506"><ele>520.0</ele></trkpt>
    <trkpt lat="43.887251" lon="7.242787"><ele>524.0</ele></trkpt>
    <trkpt lat="43.887275" lon="7.242936"><ele>528.0</ele></trkpt>
    <trkpt lat="43.8873" lon="7.243113"><ele>532.0</ele></trkpt>
    <trkpt lat="43.887369" lon="7.242965"><ele>535.0</ele></trkpt>
    <trkpt lat="43.887443" lon="7.242764"><ele>538.0</ele></trkpt>
    <trkpt lat="43.887492" lon="7.242583"><ele>541.0</ele></trkpt>
    <trkpt lat="43.88752" lon="7.242337"><ele>544.0</ele></trkpt>
    <trkpt lat="43.88754" lon="7.242226"><ele>547.0</ele></trkpt>
    <trkpt lat="43.887573" lon="7.24243"><ele>548.0</ele></trkpt>
    <trkpt lat="43.887608" lon="7.242612"><ele>549.0</ele></trkpt>
    <trkpt lat="43.887629" lon="7.242763"><ele>549.0</ele></trkpt>
    <trkpt lat="43.887706" lon="7.24278"><ele>551.0</ele></trkpt>
    <trkpt lat="43.887816" lon="7.242667"><ele>556.0</ele></trkpt>
    <trkpt lat="43.88795" lon="7.242634"><ele>557.0</ele></trkpt>
    <trkpt lat="43.888049" lon="7.242537"><ele>562.0</ele></trkpt>
    <trkpt lat="43.888208" lon="7.242434"><ele>567.0</ele></trkpt>
    <trkpt lat="43.888328" lon="7.24238"><ele>570.0</ele></trkpt>
    <trkpt lat="43.888463" lon="7.242337"><ele>572.0</ele></trkpt>
    <trkpt lat="43.888548" lon="7.242349"><ele>570.0</ele></trkpt>
    <trkpt lat="43.888558" lon="7.242268"><ele>573.0</ele></trkpt>
    <trkpt lat="43.888594" lon="7.242028"><ele>583.0</ele></trkpt>
    <trkpt lat="43.888654" lon="7.241901"><ele>586.0</ele></trkpt>
    <trkpt lat="43.88866" lon="7.241734"><ele>594.0</ele></trkpt>
    <trkpt lat="43.888651" lon="7.24159"><ele>602.0</ele></trkpt>
    <trkpt lat="43.888676" lon="7.24155"><ele>603.0</ele></trkpt>
    <trkpt lat="43.88884" lon="7.241553"><ele>597.0</ele></trkpt>
    <trkpt lat="43.889002" lon="7.241511"><ele>598.0</ele></trkpt>
    <trkpt lat="43.88929" lon="7.241476"><ele>603.0</ele></trkpt>
    <trkpt lat="43.889384" lon="7.24151"><ele>604.0</ele></trkpt>
    <trkpt lat="43.889406" lon="7.241657"><ele>599.0</ele></trkpt>
    <trkpt lat="43.889373" lon="7.241864"><ele>592.0</ele></trkpt>
    <trkpt lat="43.88948" lon="7.242044"><ele>590.0</ele></trkpt>
    <trkpt lat="43.889624" lon="7.242011"><ele>597.0</ele></trkpt>
    <trkpt lat="43.889918" lon="7.24199"><ele>605.0</ele></trkpt>
    <trkpt lat="43.889978" lon="7.242058"><ele>607.0</ele></trkpt>
    <trkpt lat="43.88997" lon="7.242349"><ele>605.0</ele></trkpt>
    <trkpt lat="43.889878" lon="7.242662"><ele>597.0</ele></trkpt>
    <trkpt lat="43.889744" lon="7.242845"><ele>586.0</ele></trkpt>
    <trkpt lat="43.889748" lon="7.242918"><ele>586.0</ele></trkpt>
    <trkpt lat="43.889897" lon="7.242989"><ele>594.0</ele></trkpt>
    <trkpt lat="43.890053" lon="7.243198"><ele>597.0</ele></trkpt>
    <trkpt lat="43.890155" lon="7.243511"><ele>597.0</ele></trkpt>
    <trkpt lat="43.890131" lon="7.243887"><ele>595.0</ele></trkpt>
    <trkpt lat="43.890177" lon="7.244079"><ele>595.0</ele></trkpt>
    <trkpt lat="43.890252" lon="7.244348"><ele>591.0</ele></trkpt>
    <trkpt lat="43.89026" lon="7.244487"><ele>586.0</ele></trkpt>
    <trkpt lat="43.8904" lon="7.244675"><ele>590.0</ele></trkpt>
    <trkpt lat="43.890508" lon="7.244718"><ele>594.0</ele></trkpt>
    <trkpt lat="43.890645" lon="7.24473"><ele>600.0</ele></trkpt>
    <trkpt lat="43.890781" lon="7.244945"><ele>597.0</ele></trkpt>
    <trkpt lat="43.890807" lon="7.245078"><ele>594.0</ele></trkpt>
    <trkpt lat="43.890836" lon="7.245278"><ele>592.0</ele></trkpt>
    <trkpt lat="43.890868" lon="7.245641"><ele>589.0</ele></trkpt>
    <trkpt lat="43.890953" lon="7.245753"><ele>590.0</ele></trkpt>
    <trkpt lat="43.89108" lon="7.245888"><ele>589.0</ele></trkpt>
    <trkpt lat="43.891273" lon="7.2458"><ele>602.0</ele></trkpt>
    <trkpt lat="43.89162" lon="7.245861"><ele>615.0</ele></trkpt>
    <trkpt lat="43.891849" lon="7.246176"><ele>605.0</ele></trkpt>
    <trkpt lat="43.891882" lon="7.246597"><ele>581.0</ele></trkpt>
    <trkpt lat="43.892081" lon="7.246912"><ele>586.0</ele></trkpt>
    <trkpt lat="43.892246" lon="7.247008"><ele>594.0</ele></trkpt>
    <trkpt lat="43.892491" lon="7.247101"><ele>603.0</ele></trkpt>
    <trkpt lat="43.892596" lon="7.247159"><ele>605.0</ele></trkpt>
    <trkpt lat="43.892666" lon="7.24734"><ele>601.0</ele></trkpt>
    <trkpt lat="43.892723" lon="7.247552"><ele>597.0</ele></trkpt>
    <trkpt lat="43.892788" lon="7.24762"><ele>600.0</ele></trkpt>
    <trkpt lat="43.892889" lon="7.247708"><ele>602.0</ele></trkpt>
    <trkpt lat="43.893021" lon="7.247671"><ele>609.0</ele></trkpt>
    <trkpt lat="43.893097" lon="7.247598"><ele>616.0</ele></trkpt>
    <trkpt lat="43.893255" lon="7.247594"><ele>617.0</ele></trkpt>
    <trkpt lat="43.893445" lon="7.247636"><ele>617.0</ele></trkpt>
    <trkpt lat="43.893669" lon="7.247398"><ele>619.0</ele></trkpt>
    <trkpt lat="43.893697" lon="7.247218"><ele>626.0</ele></trkpt>
    <trkpt lat="43.893828" lon="7.247127"><ele>622.0</ele></trkpt>
    <trkpt lat="43.893955" lon="7.247151"><ele>613.0</ele></trkpt>
    <trkpt lat="43.893988" lon="7.24708"><ele>615.0</ele></trkpt>
    <trkpt lat="43.894266" lon="7.246822"><ele>616.0</ele></trkpt>
    <trkpt lat="43.894521" lon="7.246552"><ele>615.0</ele></trkpt>
    <trkpt lat="43.894587" lon="7.246382"><ele>618.0</ele></trkpt>
    <trkpt lat="43.894663" lon="7.246327"><ele>616.0</ele></trkpt>
    <trkpt lat="43.894959" lon="7.246284"><ele>611.0</ele></trkpt>
    <trkpt lat="43.895127" lon="7.246139"><ele>614.0</ele></trkpt>
    <trkpt lat="43.895208" lon="7.246045"><ele>617.0</ele></trkpt>
    <trkpt lat="43.895555" lon="7.245928"><ele>615.0</ele></trkpt>
    <trkpt lat="43.895725" lon="7.245783"><ele>618.0</ele></trkpt>
    <trkpt lat="43.895919" lon="7.245665"><ele>617.0</ele></trkpt>
    <trkpt lat="43.895988" lon="7.245544"><ele>620.0</ele></trkpt>
    <trkpt lat="43.896086" lon="7.245384"><ele>622.0</ele></trkpt>
    <trkpt lat="43.89633" lon="7.24515"><ele>626.0</ele></trkpt>
    <trkpt lat="43.896513" lon="7.244842"><ele>628.0</ele></trkpt>
    <trkpt lat="43.896599" lon="7.244733"><ele>628.0</ele></trkpt>
    <trkpt lat="43.89668" lon="7.244777"><ele>626.0</ele></trkpt>
    <trkpt lat="43.896718" lon="7.244952"><ele>624.0</ele></trkpt>
    <trkpt lat="43.896758" lon="7.245118"><ele>624.0</ele></trkpt>
    <trkpt lat="43.896796" lon="7.245429"><ele>625.0</ele></trkpt>
    <trkpt lat="43.896785" lon="7.245733"><ele>627.0</ele></trkpt>
    <trkpt lat="43.896732" lon="7.245894"><ele>627.0</ele></trkpt>
    <trkpt lat="43.896711" lon="7.24615"><ele>633.0</ele></trkpt>
    <trkpt lat="43.896662" lon="7.24641"><ele>636.0</ele></trkpt>
    <trkpt lat="43.89663" lon="7.246668"><ele>639.0</ele></trkpt>
    <trkpt lat="43.896592" lon="7.246929"><ele>642.0</ele></trkpt>
    <trkpt lat="43.896556" lon="7.247147"><ele>645.0</ele></trkpt>
    <trkpt lat="43.89654" lon="7.247581"><ele>650.0</ele></trkpt>
    <trkpt lat="43.896645" lon="7.247385"><ele>651.0</ele></trkpt>
    <trkpt lat="43.896868" lon="7.247315"><ele>657.0</ele></trkpt>
    <trkpt lat="43.897163" lon="7.247272"><ele>663.0</ele></trkpt>
    <trkpt lat="43.897618" lon="7.247321"><ele>667.0</ele></trkpt>
    <trkpt lat="43.898001" lon="7.247293"><ele>668.0</ele></trkpt>
    <trkpt lat="43.898729" lon="7.247071"><ele>673.0</ele></trkpt>
    <trkpt lat="43.899241" lon="7.247084"><ele>667.0</ele></trkpt>
    <trkpt lat="43.899533" lon="7.247084"><ele>667.0</ele></trkpt>
    <trkpt lat="43.899783" lon="7.246886"><ele>669.0</ele></trkpt>
    <trkpt lat="43.899914" lon="7.246674"><ele>672.0</ele></trkpt>
    <trkpt lat="43.900074" lon="7.246231"><ele>678.0</ele></trkpt>
    <trkpt lat="43.900197" lon="7.245727"><ele>687.0</ele></trkpt>
    <trkpt lat="43.90116" lon="7.245399"><ele>707.0</ele></trkpt>
    <trkpt lat="43.901861" lon="7.24432"><ele>726.0</ele></trkpt>
    <trkpt lat="43.902169" lon="7.242832"><ele>732.0</ele></trkpt>
    <trkpt lat="43.90232" lon="7.241922"><ele>728.0</ele></trkpt>
    <trkpt lat="43.902388" lon="7.241547"><ele>726.0</ele></trkpt>
    <trkpt lat="43.902457" lon="7.241308"><ele>726.0</ele></trkpt>
    <trkpt lat="43.902592" lon="7.241076"><ele>726.0</ele></trkpt>
    <trkpt lat="43.902697" lon="7.240818"><ele>724.0</ele></trkpt>
    <trkpt lat="43.902701" lon="7.24055"><ele>726.0</ele></trkpt>
    <trkpt lat="43.902672" lon="7.240249"><ele>727.0</ele></trkpt>
    <trkpt lat="43.902539" lon="7.239748"><ele>733.0</ele></trkpt>
    <trkpt lat="43.902588" lon="7.239432"><ele>730.0</ele></trkpt>
    <trkpt lat="43.90286" lon="7.239635"><ele>724.0</ele></trkpt>
    <trkpt lat="43.903096" lon="7.239694"><ele>726.0</ele></trkpt>
    <trkpt lat="43.903303" lon="7.239703"><ele>727.0</ele></trkpt>
    <trkpt lat="43.903499" lon="7.239678"><ele>729.0</ele></trkpt>
    <trkpt lat="43.903942" lon="7.239426"><ele>735.0</ele></trkpt>
    <trkpt lat="43.904149" lon="7.239244"><ele>731.0</ele></trkpt>
    <trkpt lat="43.904322" lon="7.239069"><ele>728.0</ele></trkpt>
    <trkpt lat="43.904444" lon="7.23887"><ele>726.0</ele></trkpt>
    <trkpt lat="43.904535" lon="7.238569"><ele>726.0</ele></trkpt>
    <trkpt lat="43.904598" lon="7.238343"><ele>729.0</ele></trkpt>
    <trkpt lat="43.904735" lon="7.238385"><ele>723.0</ele></trkpt>
    <trkpt lat="43.904857" lon="7.238388"><ele>723.0</ele></trkpt>
    <trkpt lat="43.905054" lon="7.23818"><ele>727.0</ele></trkpt>
    <trkpt lat="43.90518" lon="7.237908"><ele>729.0</ele></trkpt>
    <trkpt lat="43.905242" lon="7.237708"><ele>729.0</ele></trkpt>
    <trkpt lat="43.905251" lon="7.237476"><ele>731.0</ele></trkpt>
    <trkpt lat="43.905223" lon="7.237181"><ele>731.0</ele></trkpt>
    <trkpt lat="43.905189" lon="7.236855"><ele>736.0</ele></trkpt>
    <trkpt lat="43.905211" lon="7.236699"><ele>735.0</ele></trkpt>
    <trkpt lat="43.90519" lon="7.236499"><ele>738.0</ele></trkpt>
    <trkpt lat="43.90519" lon="7.236298"><ele>741.0</ele></trkpt>
    <trkpt lat="43.905493" lon="7.235974"><ele>735.0</ele></trkpt>
    <trkpt lat="43.905701" lon="7.2357"><ele>733.0</ele></trkpt>
    <trkpt lat="43.905868" lon="7.234974"><ele>744.0</ele></trkpt>
    <trkpt lat="43.906097" lon="7.234123"><ele>750.0</ele></trkpt>
    <trkpt lat="43.906206" lon="7.234311"><ele>744.0</ele></trkpt>
    <trkpt lat="43.906423" lon="7.23505"><ele>738.0</ele></trkpt>
    <trkpt lat="43.906522" lon="7.235309"><ele>742.0</ele></trkpt>
    <trkpt lat="43.906576" lon="7.235913"><ele>740.0</ele></trkpt>
    <trkpt lat="43.906913" lon="7.236662"><ele>745.0</ele></trkpt>
    <trkpt lat="43.907472" lon="7.236752"><ele>753.0</ele></trkpt>
    <trkpt lat="43.907874" lon="7.236789"><ele>754.0</ele></trkpt>
    <trkpt lat="43.907947" lon="7.237187"><ele>756.0</ele></trkpt>
    <trkpt lat="43.907767" lon="7.237911"><ele>760.0</ele></trkpt>
    <trkpt lat="43.907651" lon="7.238352"><ele>762.0</ele></trkpt>
    <trkpt lat="43.907817" lon="7.238872"><ele>765.0</ele></trkpt>
    <trkpt lat="43.908372" lon="7.239399"><ele>771.0</ele></trkpt>
    <trkpt lat="43.908555" lon="7.239688"><ele>776.0</ele></trkpt>
    <trkpt lat="43.908684" lon="7.240416"><ele>774.0</ele></trkpt>
    <trkpt lat="43.908989" lon="7.240669"><ele>778.0</ele></trkpt>
    <trkpt lat="43.909109" lon="7.241196"><ele>771.0</ele></trkpt>
    <trkpt lat="43.90924" lon="7.241841"><ele>772.0</ele></trkpt>
    <trkpt lat="43.90951" lon="7.242017"><ele>772.0</ele></trkpt>
    <trkpt lat="43.910187" lon="7.242556"><ele>768.0</ele></trkpt>
    <trkpt lat="43.910599" lon="7.243081"><ele>770.0</ele></trkpt>
    <trkpt lat="43.910716" lon="7.243853"><ele>780.0</ele></trkpt>
    <trkpt lat="43.910798" lon="7.244585"><ele>786.0</ele></trkpt>
    <trkpt lat="43.911581" lon="7.245103"><ele>797.0</ele></trkpt>
    <trkpt lat="43.912216" lon="7.245223"><ele>805.0</ele></trkpt>
    <trkpt lat="43.912649" lon="7.24529"><ele>810.0</ele></trkpt>
    <trkpt lat="43.9131" lon="7.245232"><ele>813.0</ele></trkpt>
    <trkpt lat="43.913199" lon="7.245145"><ele>817.0</ele></trkpt>
    <trkpt lat="43.913657" lon="7.245139"><ele>811.0</ele></trkpt>
    <trkpt lat="43.914175" lon="7.245062"><ele>800.0</ele></trkpt>
    <trkpt lat="43.914434" lon="7.244762"><ele>795.0</ele></trkpt>
    <trkpt lat="43.914558" lon="7.244039"><ele>792.0</ele></trkpt>
    <trkpt lat="43.91481" lon="7.243169"><ele>776.0</ele></trkpt>
    <trkpt lat="43.914999" lon="7.243036"><ele>768.0</ele></trkpt>
    <trkpt lat="43.915171" lon="7.242901"><ele>769.0</ele></trkpt>
    <trkpt lat="43.915425" lon="7.243244"><ele>762.0</ele></trkpt>
    <trkpt lat="43.915659" lon="7.243388"><ele>759.0</ele></trkpt>
    <trkpt lat="43.916102" lon="7.243264"><ele>763.0</ele></trkpt>
    <trkpt lat="43.916504" lon="7.24327"><ele>754.0</ele></trkpt>
    <trkpt lat="43.916741" lon="7.243226"><ele>753.0</ele></trkpt>
    <trkpt lat="43.916878" lon="7.243434"><ele>758.0</ele></trkpt>
    <trkpt lat="43.917101" lon="7.243771"><ele>767.0</ele></trkpt>
    <trkpt lat="43.917153" lon="7.244204"><ele>773.0</ele></trkpt>
    <trkpt lat="43.917057" lon="7.244601"><ele>779.0</ele></trkpt>
    <trkpt lat="43.917062" lon="7.244784"><ele>781.0</ele></trkpt>
    <trkpt lat="43.917237" lon="7.245025"><ele>784.0</ele></trkpt>
    <trkpt lat="43.917704" lon="7.244994"><ele>789.0</ele></trkpt>
    <trkpt lat="43.917949" lon="7.245278"><ele>798.0</ele></trkpt>
    <trkpt lat="43.91819" lon="7.245311"><ele>805.0</ele></trkpt>
    <trkpt lat="43.91847" lon="7.245549"><ele>811.0</ele></trkpt>
    <trkpt lat="43.918714" lon="7.24532"><ele>812.0</ele></trkpt>
    <trkpt lat="43.918918" lon="7.245268"><ele>814.0</ele></trkpt>
    <trkpt lat="43.919227" lon="7.245195"><ele>820.0</ele></trkpt>
    <trkpt lat="43.919478" lon="7.244832"><ele>830.0</ele></trkpt>
    <trkpt lat="43.919783" lon="7.244719"><ele>833.0</ele></trkpt>
    <trkpt lat="43.920086" lon="7.244497"><ele>838.0</ele></trkpt>
    <trkpt lat="43.920245" lon="7.244191"><ele>842.0</ele></trkpt>
    <trkpt lat="43.920433" lon="7.243842"><ele>849.0</ele></trkpt>
    <trkpt lat="43.920523" lon="7.243688"><ele>854.0</ele></trkpt>
    <trkpt lat="43.920518" lon="7.243518"><ele>857.0</ele></trkpt>
    <trkpt lat="43.920579" lon="7.243569"><ele>859.0</ele></trkpt>
    <trkpt lat="43.920637" lon="7.243649"><ele>860.0</ele></trkpt>
    <trkpt lat="43.920712" lon="7.243632"><ele>863.0</ele></trkpt>
    <trkpt lat="43.920813" lon="7.243714"><ele>864.0</ele></trkpt>
    <trkpt lat="43.92094" lon="7.24374"><ele>867.0</ele></trkpt>
    <trkpt lat="43.921066" lon="7.243692"><ele>873.0</ele></trkpt>
    <trkpt lat="43.921189" lon="7.243736"><ele>872.0</ele></trkpt>
    <trkpt lat="43.921287" lon="7.243721"><ele>872.0</ele></trkpt>
    <trkpt lat="43.921366" lon="7.24359"><ele>879.0</ele></trkpt>
    <trkpt lat="43.92147" lon="7.243454"><ele>884.0</ele></trkpt>
    <trkpt lat="43.921649" lon="7.243264"><ele>897.0</ele></trkpt>
    <trkpt lat="43.921928" lon="7.243296"><ele>908.0</ele></trkpt>
    <trkpt lat="43.922047" lon="7.243451"><ele>908.0</ele></trkpt>
    <trkpt lat="43.922147" lon="7.243672"><ele>906.0</ele></trkpt>
    <trkpt lat="43.922214" lon="7.243696"><ele>909.0</ele></trkpt>
    <trkpt lat="43.922291" lon="7.243654"><ele>915.0</ele></trkpt>
    <trkpt lat="43.922403" lon="7.243638"><ele>920.0</ele></trkpt>
    <trkpt lat="43.922475" lon="7.243645"><ele>922.0</ele></trkpt>
    <trkpt lat="43.922508" lon="7.243751"><ele>918.0</ele></trkpt>
    <trkpt lat="43.922535" lon="7.243845"><ele>914.0</ele></trkpt>
    <trkpt lat="43.922621" lon="7.243845"><ele>919.0</ele></trkpt>
    <trkpt lat="43.922702" lon="7.243823"><ele>925.0</ele></trkpt>
    <trkpt lat="43.92278" lon="7.243867"><ele>926.0</ele></trkpt>
    <trkpt lat="43.922846" lon="7.243898"><ele>926.0</ele></trkpt>
    <trkpt lat="43.923014" lon="7.243867"><ele>936.0</ele></trkpt>
    <trkpt lat="43.923122" lon="7.244077"><ele>938.0</ele></trkpt>
    <trkpt lat="43.92308" lon="7.244255"><ele>935.0</ele></trkpt>
    <trkpt lat="43.923082" lon="7.244469"><ele>939.0</ele></trkpt>
    <trkpt lat="43.923118" lon="7.244625"><ele>944.0</ele></trkpt>
    <trkpt lat="43.923239" lon="7.24483"><ele>952.0</ele></trkpt>
    <trkpt lat="43.923308" lon="7.244928"><ele>956.0</ele></trkpt>
    <trkpt lat="43.92332" lon="7.244871"><ele>958.0</ele></trkpt>
    <trkpt lat="43.92335" lon="7.244871"><ele>961.0</ele></trkpt>
    <trkpt lat="43.923399" lon="7.245004"><ele>962.0</ele></trkpt>
    <trkpt lat="43.923432" lon="7.245076"><ele>963.0</ele></trkpt>
    <trkpt lat="43.923455" lon="7.245062"><ele>966.0</ele></trkpt>
    <trkpt lat="43.923483" lon="7.245131"><ele>967.0</ele></trkpt>
    <trkpt lat="43.923546" lon="7.245251"><ele>970.0</ele></trkpt>
    <trkpt lat="43.923707" lon="7.245558"><ele>972.0</ele></trkpt>
    <trkpt lat="43.923782" lon="7.245637"><ele>972.0</ele></trkpt>
    <trkpt lat="43.923899" lon="7.245632"><ele>973.0</ele></trkpt>
    <trkpt lat="43.923998" lon="7.245678"><ele>970.0</ele></trkpt>
    <trkpt lat="43.924058" lon="7.245756"><ele>964.0</ele></trkpt>
    <trkpt lat="43.92412" lon="7.245799"><ele>960.0</ele></trkpt>
    <trkpt lat="43.924192" lon="7.245734"><ele>961.0</ele></trkpt>
    <trkpt lat="43.924365" lon="7.245453"><ele>971.0</ele></trkpt>
    <trkpt lat="43.924582" lon="7.24508"><ele>984.0</ele></trkpt>
    <trkpt lat="43.924599" lon="7.244997"><ele>989.0</ele></trkpt>
    <trkpt lat="43.924834" lon="7.244914"><ele>987.0</ele></trkpt>
    <trkpt lat="43.924824" lon="7.244846"><ele>992.0</ele></trkpt>
    <trkpt lat="43.924643" lon="7.244836"><ele>998.0</ele></trkpt>
    <trkpt lat="43.924759" lon="7.24474"><ele>1001.0</ele></trkpt>
    <trkpt lat="43.925132" lon="7.24441"><ele>1015.0</ele></trkpt>
    <trkpt lat="43.92547" lon="7.244329"><ele>1022.0</ele></trkpt>
    <trkpt lat="43.925434" lon="7.244252"><ele>1025.0</ele></trkpt>
    <trkpt lat="43.925284" lon="7.244152"><ele>1030.0</ele></trkpt>
    <trkpt lat="43.925334" lon="7.244133"><ele>1031.0</ele></trkpt>
    <trkpt lat="43.925434" lon="7.244102"><ele>1034.0</ele></trkpt>
    <trkpt lat="43.925537" lon="7.244085"><ele>1037.0</ele></trkpt>
    <trkpt lat="43.925688" lon="7.244019"><ele>1047.0</ele></trkpt>
    <trkpt lat="43.925824" lon="7.244178"><ele>1052.0</ele></trkpt>
    <trkpt lat="43.925872" lon="7.244368"><ele>1052.0</ele></trkpt>
    <trkpt lat="43.925955" lon="7.244517"><ele>1054.0</ele></trkpt>
    <trkpt lat="43.925992" lon="7.244599"><ele>1052.0</ele></trkpt>
    <trkpt lat="43.926037" lon="7.244662"><ele>1050.0</ele></trkpt>
    <trkpt lat="43.926134" lon="7.244598"><ele>1056.0</ele></trkpt>
    <trkpt lat="43.926247" lon="7.24455"><ele>1061.0</ele></trkpt>
    <trkpt lat="43.926398" lon="7.244502"><ele>1067.0</ele></trkpt>
    <trkpt lat="43.926573" lon="7.244462"><ele>1072.0</ele></trkpt>
    <trkpt lat="43.926689" lon="7.244434"><ele>1077.0</ele></trkpt>
    <trkpt lat="43.926799" lon="7.244566"><ele>1067.0</ele></trkpt>
    <trkpt lat="43.926871" lon="7.244614"><ele>1065.0</ele></trkpt>
    <trkpt lat="43.927005" lon="7.244649"><ele>1065.0</ele></trkpt>
    <trkpt lat="43.927109" lon="7.244643"><ele>1068.0</ele></trkpt>
    <trkpt lat="43.927229" lon="7.244748"><ele>1067.0</ele></trkpt>
    <trkpt lat="43.927395" lon="7.24511"><ele>1066.0</ele></trkpt>
    <trkpt lat="43.927447" lon="7.245208"><ele>1067.0</ele></trkpt>
    <trkpt lat="43.927499" lon="7.245376"><ele>1064.0</ele></trkpt>
    <trkpt lat="43.927545" lon="7.245389"><ele>1065.0</ele></trkpt>
    <trkpt lat="43.927609" lon="7.245345"><ele>1069.0</ele></trkpt>
    <trkpt lat="43.927725" lon="7.245317"><ele>1072.0</ele></trkpt>
    <trkpt lat="43.927857" lon="7.245305"><ele>1074.0</ele></trkpt>
    <trkpt lat="43.928262" lon="7.245128"><ele>1090.0</ele></trkpt>
    <trkpt lat="43.928373" lon="7.245202"><ele>1087.0</ele></trkpt>
    <trkpt lat="43.928426" lon="7.245319"><ele>1081.0</ele></trkpt>
    <trkpt lat="43.928498" lon="7.245364"><ele>1078.0</ele></trkpt>
    <trkpt lat="43.928617" lon="7.245233"><ele>1085.0</ele></trkpt>
    <trkpt lat="43.928737" lon="7.245195"><ele>1085.0</ele></trkpt>
    <trkpt lat="43.928859" lon="7.245083"><ele>1091.0</ele></trkpt>
    <trkpt lat="43.92896" lon="7.244997"><ele>1096.0</ele></trkpt>
    <trkpt lat="43.92918" lon="7.245014"><ele>1093.0</ele></trkpt>
    <trkpt lat="43.929272" lon="7.244985"><ele>1095.0</ele></trkpt>
    <trkpt lat="43.929421" lon="7.24491"><ele>1103.0</ele></trkpt>
    <trkpt lat="43.929549" lon="7.244976"><ele>1101.0</ele></trkpt>
    <trkpt lat="43.929657" lon="7.244985"><ele>1104.0</ele></trkpt>
    <trkpt lat="43.929762" lon="7.245012"><ele>1108.0</ele></trkpt>
    <trkpt lat="43.929889" lon="7.245077"><ele>1112.0</ele></trkpt>
    <trkpt lat="43.929946" lon="7.245122"><ele>1112.0</ele></trkpt>
    <trkpt lat="43.930045" lon="7.245092"><ele>1115.0</ele></trkpt>
    <trkpt lat="43.930172" lon="7.244998"><ele>1121.0</ele></trkpt>
    <trkpt lat="43.930269" lon="7.244925"><ele>1128.0</ele></trkpt>
    <trkpt lat="43.930344" lon="7.244964"><ele>1128.0</ele></trkpt>
    <trkpt lat="43.930465" lon="7.245009"><ele>1130.0</ele></trkpt>
    <trkpt lat="43.930579" lon="7.245122"><ele>1128.0</ele></trkpt>
    <trkpt lat="43.930633" lon="7.245273"><ele>1121.0</ele></trkpt>
    <trkpt lat="43.930727" lon="7.245283"><ele>1124.0</ele></trkpt>
    <trkpt lat="43.931071" lon="7.245174"><ele>1142.0</ele></trkpt>
    <trkpt lat="43.931286" lon="7.245305"><ele>1142.0</ele></trkpt>
    <trkpt lat="43.931402" lon="7.245383"><ele>1142.0</ele></trkpt>
    <trkpt lat="43.931516" lon="7.245384"><ele>1143.0</ele></trkpt>
    <trkpt lat="43.931633" lon="7.245289"><ele>1147.0</ele></trkpt>
    <trkpt lat="43.931736" lon="7.245167"><ele>1150.0</ele></trkpt>
    <trkpt lat="43.932089" lon="7.244576"><ele>1167.0</ele></trkpt>
    <trkpt lat="43.932263" lon="7.244402"><ele>1172.0</ele></trkpt>
    <trkpt lat="43.932446" lon="7.244239"><ele>1177.0</ele></trkpt>
    <trkpt lat="43.932598" lon="7.244103"><ele>1180.0</ele></trkpt>
    <trkpt lat="43.932694" lon="7.244013"><ele>1183.0</ele></trkpt>
    <trkpt lat="43.932859" lon="7.243908"><ele>1187.0</ele></trkpt>
    <trkpt lat="43.932987" lon="7.243865"><ele>1190.0</ele></trkpt>
    <trkpt lat="43.933109" lon="7.24382"><ele>1193.0</ele></trkpt>
    <trkpt lat="43.933266" lon="7.243684"><ele>1201.0</ele></trkpt>
    <trkpt lat="43.933403" lon="7.243686"><ele>1200.0</ele></trkpt>
    <trkpt lat="43.933515" lon="7.243652"><ele>1201.0</ele></trkpt>
    <trkpt lat="43.933707" lon="7.243467"><ele>1206.0</ele></trkpt>
    <trkpt lat="43.934018" lon="7.243237"><ele>1209.0</ele></trkpt>
    <trkpt lat="43.934183" lon="7.243107"><ele>1213.0</ele></trkpt>
    <trkpt lat="43.934292" lon="7.243008"><ele>1212.0</ele></trkpt>
    <trkpt lat="43.934424" lon="7.243021"><ele>1212.0</ele></trkpt>
    <trkpt lat="43.934726" lon="7.243219"><ele>1213.0</ele></trkpt>
    <trkpt lat="43.935118" lon="7.243449"><ele>1219.0</ele></trkpt>
    <trkpt lat="43.935398" lon="7.243458"><ele>1220.0</ele></trkpt>
    <trkpt lat="43.935646" lon="7.243498"><ele>1228.0</ele></trkpt>
    <trkpt lat="43.935772" lon="7.243363"><ele>1219.0</ele></trkpt>
    <trkpt lat="43.935869" lon="7.243276"><ele>1214.0</ele></trkpt>
    <trkpt lat="43.935969" lon="7.243304"><ele>1218.0</ele></trkpt>
    <trkpt lat="43.936148" lon="7.243353"><ele>1227.0</ele></trkpt>
    <trkpt lat="43.936405" lon="7.24326"><ele>1229.0</ele></trkpt>
    <trkpt lat="43.936644" lon="7.243146"><ele>1234.0</ele></trkpt>
    <trkpt lat="43.936743" lon="7.242933"><ele>1221.0</ele></trkpt>
    <trkpt lat="43.936841" lon="7.242832"><ele>1219.0</ele></trkpt>
    <trkpt lat="43.936929" lon="7.24282"><ele>1224.0</ele></trkpt>
    <trkpt lat="43.937052" lon="7.242721"><ele>1227.0</ele></trkpt>
    <trkpt lat="43.937086" lon="7.242522"><ele>1221.0</ele></trkpt>
    <trkpt lat="43.93723" lon="7.242369"><ele>1224.0</ele></trkpt>
    <trkpt lat="43.937327" lon="7.242332"><ele>1226.0</ele></trkpt>
    <trkpt lat="43.93748" lon="7.242332"><ele>1233.0</ele></trkpt>
    <trkpt lat="43.937735" lon="7.242036"><ele>1233.0</ele></trkpt>
    <trkpt lat="43.937806" lon="7.241806"><ele>1236.0</ele></trkpt>
    <trkpt lat="43.937903" lon="7.241578"><ele>1237.0</ele></trkpt>
    <trkpt lat="43.937992" lon="7.241361"><ele>1243.0</ele></trkpt>
    <trkpt lat="43.937959" lon="7.241183"><ele>1240.0</ele></trkpt>
    <trkpt lat="43.937947" lon="7.240752"><ele>1248.0</ele></trkpt>
    <trkpt lat="43.937831" lon="7.240541"><ele>1242.0</ele></trkpt>
    <trkpt lat="43.937849" lon="7.240408"><ele>1244.0</ele></trkpt>
    <trkpt lat="43.937904" lon="7.240192"><ele>1248.0</ele></trkpt>
    <trkpt lat="43.937905" lon="7.24002"><ele>1247.0</ele></trkpt>
    <trkpt lat="43.937941" lon="7.239933"><ele>1249.0</ele></trkpt>
    <trkpt lat="43.938011" lon="7.239835"><ele>1251.0</ele></trkpt>
    <trkpt lat="43.938092" lon="7.23974"><ele>1250.0</ele></trkpt>
    <trkpt lat="43.938222" lon="7.239808"><ele>1258.0</ele></trkpt>
    <trkpt lat="43.93837" lon="7.239859"><ele>1263.0</ele></trkpt>
    <trkpt lat="43.938485" lon="7.239774"><ele>1255.0</ele></trkpt>
    <trkpt lat="43.938674" lon="7.239905"><ele>1266.0</ele></trkpt>
    <trkpt lat="43.93884" lon="7.239943"><ele>1270.0</ele></trkpt>
    <trkpt lat="43.938933" lon="7.239918"><ele>1272.0</ele></trkpt>
    <trkpt lat="43.9391" lon="7.239821"><ele>1271.0</ele></trkpt>
    <trkpt lat="43.93936" lon="7.239688"><ele>1268.0</ele></trkpt>
    <trkpt lat="43.939586" lon="7.239607"><ele>1270.0</ele></trkpt>
    <trkpt lat="43.939698" lon="7.23954"><ele>1269.0</ele></trkpt>
    <trkpt lat="43.939871" lon="7.239417"><ele>1266.0</ele></trkpt>
    <trkpt lat="43.939981" lon="7.239444"><ele>1270.0</ele></trkpt>
    <trkpt lat="43.940296" lon="7.239491"><ele>1281.0</ele></trkpt>
    <trkpt lat="43.940396" lon="7.239442"><ele>1283.0</ele></trkpt>
    <trkpt lat="43.940609" lon="7.23918"><ele>1281.0</ele></trkpt>
    <trkpt lat="43.94074" lon="7.23906"><ele>1288.0</ele></trkpt>
    <trkpt lat="43.940767" lon="7.23887"><ele>1288.0</ele></trkpt>
    <trkpt lat="43.940766" lon="7.238574"><ele>1287.0</ele></trkpt>
    <trkpt lat="43.940827" lon="7.238413"><ele>1287.0</ele></trkpt>
    <trkpt lat="43.94089" lon="7.238371"><ele>1289.0</ele></trkpt>
    <trkpt lat="43.941117" lon="7.238484"><ele>1300.0</ele></trkpt>
    <trkpt lat="43.941519" lon="7.23861"><ele>1304.0</ele></trkpt>
    <trkpt lat="43.941727" lon="7.238613"><ele>1305.0</ele></trkpt>
    <trkpt lat="43.941858" lon="7.238609"><ele>1308.0</ele></trkpt>
    <trkpt lat="43.941955" lon="7.238612"><ele>1311.0</ele></trkpt>
    <trkpt lat="43.942073" lon="7.238466"><ele>1309.0</ele></trkpt>
    <trkpt lat="43.942194" lon="7.238221"><ele>1312.0</ele></trkpt>
    <trkpt lat="43.942258" lon="7.237995"><ele>1313.0</ele></trkpt>
    <trkpt lat="43.942362" lon="7.237749"><ele>1316.0</ele></trkpt>
    <trkpt lat="43.94252" lon="7.237435"><ele>1317.0</ele></trkpt>
    <trkpt lat="43.942634" lon="7.237178"><ele>1317.0</ele></trkpt>
    <trkpt lat="43.942737" lon="7.237167"><ele>1317.0</ele></trkpt>
    <trkpt lat="43.942752" lon="7.23731"><ele>1319.0</ele></trkpt>
    <trkpt lat="43.942592" lon="7.237634"><ele>1324.0</ele></trkpt>
    <trkpt lat="43.942455" lon="7.238169"><ele>1331.0</ele></trkpt>
    <trkpt lat="43.94233" lon="7.23877"><ele>1335.0</ele></trkpt>
    <trkpt lat="43.942319" lon="7.239093"><ele>1341.0</ele></trkpt>
    <trkpt lat="43.942351" lon="7.2396"><ele>1356.0</ele></trkpt>
    <trkpt lat="43.942468" lon="7.239796"><ele>1358.0</ele></trkpt>
    <trkpt lat="43.942587" lon="7.239865"><ele>1357.0</ele></trkpt>
    <trkpt lat="43.942807" lon="7.239872"><ele>1355.0</ele></trkpt>
    <trkpt lat="43.943036" lon="7.239998"><ele>1360.0</ele></trkpt>
    <trkpt lat="43.943579" lon="7.24005"><ele>1358.0</ele></trkpt>
    <trkpt lat="43.944036" lon="7.240067"><ele>1359.0</ele></trkpt>
    <trkpt lat="43.944187" lon="7.240069"><ele>1359.0</ele></trkpt>
    <trkpt lat="43.944709" lon="7.240082"><ele>1362.0</ele></trkpt>
    <trkpt lat="43.945011" lon="7.239947"><ele>1361.0</ele></trkpt>
    <trkpt lat="43.945282" lon="7.239798"><ele>1359.0</ele></trkpt>
    <trkpt lat="43.945448" lon="7.239723"><ele>1354.0</ele></trkpt>
    <trkpt lat="43.945484" lon="7.239878"><ele>1359.0</ele></trkpt>
    <trkpt lat="43.945568" lon="7.240197"><ele>1361.0</ele></trkpt>
    <trkpt lat="43.945553" lon="7.240819"><ele>1370.0</ele></trkpt>
    <trkpt lat="43.945581" lon="7.241119"><ele>1373.0</ele></trkpt>
    <trkpt lat="43.945973" lon="7.241873"><ele>1363.0</ele></trkpt>
    <trkpt lat="43.946285" lon="7.242509"><ele>1356.0</ele></trkpt>
    <trkpt lat="43.946465" lon="7.242745"><ele>1355.0</ele></trkpt>
    <trkpt lat="43.946547" lon="7.242883"><ele>1356.0</ele></trkpt>
    <trkpt lat="43.946678" lon="7.243096"><ele>1360.0</ele></trkpt>
    <trkpt lat="43.946838" lon="7.243167"><ele>1367.0</ele></trkpt>
    <trkpt lat="43.946936" lon="7.243207"><ele>1372.0</ele></trkpt>
    <trkpt lat="43.94693" lon="7.243324"><ele>1371.0</ele></trkpt>
    <trkpt lat="43.946968" lon="7.24336"><ele>1373.0</ele></trkpt>
    <trkpt lat="43.946983" lon="7.243426"><ele>1374.0</ele></trkpt>
    <trkpt lat="43.94703" lon="7.243451"><ele>1376.0</ele></trkpt>
    <trkpt lat="43.94708" lon="7.243431"><ele>1379.0</ele></trkpt>
    <trkpt lat="43.94711" lon="7.243455"><ele>1381.0</ele></trkpt>
    <trkpt lat="43.947139" lon="7.243482"><ele>1382.0</ele></trkpt>
    <trkpt lat="43.947159" lon="7.243501"><ele>1383.0</ele></trkpt>
    <trkpt lat="43.947206" lon="7.243508"><ele>1386.0</ele></trkpt>
    <trkpt lat="43.947242" lon="7.243535"><ele>1388.0</ele></trkpt>
    <trkpt lat="43.947286" lon="7.243485"><ele>1390.0</ele></trkpt>
    <trkpt lat="43.947316" lon="7.243531"><ele>1392.0</ele></trkpt>
    <trkpt lat="43.947344" lon="7.243573"><ele>1394.0</ele></trkpt>
    <trkpt lat="43.947417" lon="7.243512"><ele>1397.0</ele></trkpt>
    <trkpt lat="43.947549" lon="7.2435"><ele>1402.0</ele></trkpt>
    <trkpt lat="43.947565" lon="7.243556"><ele>1404.0</ele></trkpt>
    <trkpt lat="43.947541" lon="7.243614"><ele>1404.0</ele></trkpt>
    <trkpt lat="43.947551" lon="7.243723"><ele>1407.0</ele></trkpt>
    <trkpt lat="43.947594" lon="7.243686"><ele>1408.0</ele></trkpt>
    <trkpt lat="43.947651" lon="7.243697"><ele>1411.0</ele></trkpt>
    <trkpt lat="43.94775" lon="7.243678"><ele>1416.0</ele></trkpt>
    <trkpt lat="43.947827" lon="7.243671"><ele>1420.0</ele></trkpt>
    <trkpt lat="43.947796" lon="7.243782"><ele>1421.0</ele></trkpt>
    <trkpt lat="43.947762" lon="7.243967"><ele>1425.0</ele></trkpt>
    <trkpt lat="43.947756" lon="7.244043"><ele>1427.0</ele></trkpt>
    <trkpt lat="43.947832" lon="7.243975"><ele>1429.0</ele></trkpt>
    <trkpt lat="43.947962" lon="7.243942"><ele>1436.0</ele></trkpt>
    <trkpt lat="43.94787" lon="7.244163"><ele>1438.0</ele></trkpt>
    <trkpt lat="43.947898" lon="7.244229"><ele>1442.0</ele></trkpt>
    <trkpt lat="43.947957" lon="7.24418"><ele>1444.0</ele></trkpt>
    <trkpt lat="43.94809" lon="7.244122"><ele>1450.0</ele></trkpt>
    <trkpt lat="43.948211" lon="7.244012"><ele>1454.0</ele></trkpt>
    <trkpt lat="43.948259" lon="7.243992"><ele>1456.0</ele></trkpt>
    <trkpt lat="43.948352" lon="7.243874"><ele>1456.0</ele></trkpt>
    <trkpt lat="43.948694" lon="7.24347"><ele>1463.0</ele></trkpt>
    <trkpt lat="43.94878" lon="7.243392"><ele>1467.0</ele></trkpt>
    <trkpt lat="43.948818" lon="7.243447"><ele>1471.0</ele></trkpt>
    <trkpt lat="43.948865" lon="7.243427"><ele>1474.0</ele></trkpt>
    <trkpt lat="43.948878" lon="7.243528"><ele>1477.0</ele></trkpt>
    <trkpt lat="43.948836" lon="7.24372"><ele>1480.0</ele></trkpt>
    <trkpt lat="43.948774" lon="7.243794"><ele>1479.0</ele></trkpt>
    <trkpt lat="43.948783" lon="7.243849"><ele>1482.0</ele></trkpt>
    <trkpt lat="43.948731" lon="7.243953"><ele>1485.0</ele></trkpt>
    <trkpt lat="43.948732" lon="7.244012"><ele>1489.0</ele></trkpt>
    <trkpt lat="43.948804" lon="7.24399"><ele>1492.0</ele></trkpt>
    <trkpt lat="43.948873" lon="7.243959"><ele>1495.0</ele></trkpt>
    <trkpt lat="43.948947" lon="7.243938"><ele>1500.0</ele></trkpt>
    <trkpt lat="43.94901" lon="7.243858"><ele>1501.0</ele></trkpt>
    <trkpt lat="43.949073" lon="7.243795"><ele>1502.0</ele></trkpt>
    <trkpt lat="43.949167" lon="7.243628"><ele>1502.0</ele></trkpt>
    <trkpt lat="43.94936" lon="7.243402"><ele>1498.0</ele></trkpt>
    <trkpt lat="43.949421" lon="7.243385"><ele>1498.0</ele></trkpt>
    <trkpt lat="43.949485" lon="7.243444"><ele>1502.0</ele></trkpt>
    <trkpt lat="43.949552" lon="7.24346"><ele>1504.0</ele></trkpt>
    <trkpt lat="43.949644" lon="7.24352"><ele>1509.0</ele></trkpt>
    <trkpt lat="43.949748" lon="7.243577"><ele>1515.0</ele></trkpt>
    <trkpt lat="43.94989" lon="7.243572"><ele>1517.0</ele></trkpt>
    <trkpt lat="43.950107" lon="7.243423"><ele>1515.0</ele></trkpt>
    <trkpt lat="43.950235" lon="7.243283"><ele>1514.0</ele></trkpt>
    <trkpt lat="43.950296" lon="7.243268"><ele>1516.0</ele></trkpt>
    <trkpt lat="43.950451" lon="7.243129"><ele>1515.0</ele></trkpt>
    <trkpt lat="43.950546" lon="7.243093"><ele>1513.0</ele></trkpt>
    <trkpt lat="43.950598" lon="7.243215"><ele>1517.0</ele></trkpt>
    <trkpt lat="43.950651" lon="7.243406"><ele>1521.0</ele></trkpt>
    <trkpt lat="43.950738" lon="7.243521"><ele>1520.0</ele></trkpt>
    <trkpt lat="43.950776" lon="7.243601"><ele>1518.0</ele></trkpt>
    <trkpt lat="43.950811" lon="7.243655"><ele>1517.0</ele></trkpt>
    <trkpt lat="43.950877" lon="7.243679"><ele>1515.0</ele></trkpt>
    <trkpt lat="43.950989" lon="7.243715"><ele>1511.0</ele></trkpt>
    <trkpt lat="43.951054" lon="7.243656"><ele>1512.0</ele></trkpt>
    <trkpt lat="43.951171" lon="7.243626"><ele>1511.0</ele></trkpt>
    <trkpt lat="43.951254" lon="7.243681"><ele>1506.0</ele></trkpt>
    <trkpt lat="43.951324" lon="7.243688"><ele>1503.0</ele></trkpt>
    <trkpt lat="43.951414" lon="7.243624"><ele>1500.0</ele></trkpt>
    <trkpt lat="43.951516" lon="7.24357"><ele>1495.0</ele></trkpt>
    <trkpt lat="43.951559" lon="7.243524"><ele>1494.0</ele></trkpt>
    <trkpt lat="43.951582" lon="7.243437"><ele>1496.0</ele></trkpt>
    <trkpt lat="43.951584" lon="7.243332"><ele>1500.0</ele></trkpt>
    <trkpt lat="43.951649" lon="7.243241"><ele>1497.0</ele></trkpt>
    <trkpt lat="43.951664" lon="7.243175"><ele>1497.0</ele></trkpt>
    <trkpt lat="43.951688" lon="7.243178"><ele>1495.0</ele></trkpt>
    <trkpt lat="43.951708" lon="7.24324"><ele>1492.0</ele></trkpt>
    <trkpt lat="43.951742" lon="7.243202"><ele>1491.0</ele></trkpt>
    <trkpt lat="43.951837" lon="7.243109"><ele>1487.0</ele></trkpt>
    <trkpt lat="43.951918" lon="7.243035"><ele>1484.0</ele></trkpt>
    <trkpt lat="43.951889" lon="7.242938"><ele>1486.0</ele></trkpt>
    <trkpt lat="43.951911" lon="7.242879"><ele>1486.0</ele></trkpt>
    <trkpt lat="43.951985" lon="7.242891"><ele>1484.0</ele></trkpt>
    <trkpt lat="43.952019" lon="7.242963"><ele>1482.0</ele></trkpt>
    <trkpt lat="43.952088" lon="7.242963"><ele>1480.0</ele></trkpt>
    <trkpt lat="43.952176" lon="7.242969"><ele>1478.0</ele></trkpt>
    <trkpt lat="43.952268" lon="7.242959"><ele>1477.0</ele></trkpt>
    <trkpt lat="43.952364" lon="7.242949"><ele>1476.0</ele></trkpt>
    <trkpt lat="43.952449" lon="7.242891"><ele>1478.0</ele></trkpt>
    <trkpt lat="43.952512" lon="7.242825"><ele>1481.0</ele></trkpt>
    <trkpt lat="43.952608" lon="7.242747"><ele>1484.0</ele></trkpt>
    <trkpt lat="43.952677" lon="7.242656"><ele>1489.0</ele></trkpt>
    <trkpt lat="43.952763" lon="7.242676"><ele>1486.0</ele></trkpt>
    <trkpt lat="43.952881" lon="7.242714"><ele>1481.0</ele></trkpt>
    <trkpt lat="43.952981" lon="7.242673"><ele>1482.0</ele></trkpt>
    <trkpt lat="43.953122" lon="7.2427"><ele>1477.0</ele></trkpt>
    <trkpt lat="43.953399" lon="7.242668"><ele>1475.0</ele></trkpt>
    <trkpt lat="43.953531" lon="7.242638"><ele>1476.0</ele></trkpt>
    <trkpt lat="43.953728" lon="7.242622"><ele>1475.0</ele></trkpt>
    <trkpt lat="43.953792" lon="7.242623"><ele>1475.0</ele></trkpt>
    <trkpt lat="43.95401" lon="7.242611"><ele>1474.0</ele></trkpt>
    <trkpt lat="43.954431" lon="7.24205"><ele>1460.0</ele></trkpt>
    <trkpt lat="43.954615" lon="7.241867"><ele>1451.0</ele></trkpt>
    <trkpt lat="43.954752" lon="7.241929"><ele>1446.0</ele></trkpt>
    <trkpt lat="43.954847" lon="7.241918"><ele>1443.0</ele></trkpt>
    <trkpt lat="43.955037" lon="7.241813"><ele>1439.0</ele></trkpt>
    <trkpt lat="43.95582" lon="7.242032"><ele>1428.0</ele></trkpt>
    <trkpt lat="43.956057" lon="7.242122"><ele>1426.0</ele></trkpt>
    <trkpt lat="43.956184" lon="7.242267"><ele>1422.0</ele></trkpt>
    <trkpt lat="43.956541" lon="7.242541"><ele>1416.0</ele></trkpt>
    <trkpt lat="43.956819" lon="7.242697"><ele>1413.0</ele></trkpt>
    <trkpt lat="43.957422" lon="7.242926"><ele>1409.0</ele></trkpt>
    <trkpt lat="43.957664" lon="7.243055"><ele>1409.0</ele></trkpt>
    <trkpt lat="43.958291" lon="7.243165"><ele>1406.0</ele></trkpt>
    <trkpt lat="43.958797" lon="7.243098"><ele>1400.0</ele></trkpt>
    <trkpt lat="43.959184" lon="7.242955"><ele>1396.0</ele></trkpt>
    <trkpt lat="43.959668" lon="7.24281"><ele>1394.0</ele></trkpt>
    <trkpt lat="43.959879" lon="7.242571"><ele>1399.0</ele></trkpt>
    <trkpt lat="43.960401" lon="7.242035"><ele>1400.0</ele></trkpt>
    <trkpt lat="43.960618" lon="7.241833"><ele>1398.0</ele></trkpt>
    <trkpt lat="43.960877" lon="7.241659"><ele>1394.0</ele></trkpt>
    <trkpt lat="43.961203" lon="7.241376"><ele>1393.0</ele></trkpt>
    <trkpt lat="43.961814" lon="7.241015"><ele>1388.0</ele></trkpt>
    <trkpt lat="43.962401" lon="7.240088"><ele>1402.0</ele></trkpt>
    <trkpt lat="43.963146" lon="7.239334"><ele>1410.0</ele></trkpt>
    <trkpt lat="43.963982" lon="7.238898"><ele>1415.0</ele></trkpt>
    <trkpt lat="43.964685" lon="7.238479"><ele>1419.0</ele></trkpt>
    <trkpt lat="43.965271" lon="7.237999"><ele>1418.0</ele></trkpt>
    <trkpt lat="43.965667" lon="7.237821"><ele>1412.0</ele></trkpt>
    <trkpt lat="43.966164" lon="7.237781"><ele>1406.0</ele></trkpt>
    <trkpt lat="43.966577" lon="7.237769"><ele>1404.0</ele></trkpt>
    <trkpt lat="43.967126" lon="7.237653"><ele>1404.0</ele></trkpt>
    <trkpt lat="43.967539" lon="7.237594"><ele>1401.0</ele></trkpt>
    <trkpt lat="43.968372" lon="7.237458"><ele>1399.0</ele></trkpt>
    <trkpt lat="43.969287" lon="7.237526"><ele>1398.0</ele></trkpt>
    <trkpt lat="43.969597" lon="7.237718"><ele>1395.0</ele></trkpt>
    <trkpt lat="43.970294" lon="7.238328"><ele>1393.0</ele></trkpt>
    <trkpt lat="43.970544" lon="7.238359"><ele>1402.0</ele></trkpt>
    <trkpt lat="43.97072" lon="7.238712"><ele>1398.0</ele></trkpt>
    <trkpt lat="43.970884" lon="7.238946"><ele>1401.0</ele></trkpt>
    <trkpt lat="43.971035" lon="7.239311"><ele>1401.0</ele></trkpt>
    <trkpt lat="43.971374" lon="7.239374"><ele>1405.0</ele></trkpt>
    <trkpt lat="43.971938" lon="7.239091"><ele>1408.0</ele></trkpt>
    <trkpt lat="43.972668" lon="7.23853"><ele>1406.0</ele></trkpt>
    <trkpt lat="43.972844" lon="7.238127"><ele>1409.0</ele></trkpt>
    <trkpt lat="43.972937" lon="7.237604"><ele>1419.0</ele></trkpt>
    <trkpt lat="43.973096" lon="7.237495"><ele>1416.0</ele></trkpt>
    <trkpt lat="43.973395" lon="7.23728"><ele>1416.0</ele></trkpt>
    <trkpt lat="43.973585" lon="7.23719"><ele>1416.0</ele></trkpt>
    <trkpt lat="43.974161" lon="7.237138"><ele>1407.0</ele></trkpt>
    <trkpt lat="43.974662" lon="7.236918"><ele>1409.0</ele></trkpt>
    <trkpt lat="43.974916" lon="7.236818"><ele>1411.0</ele></trkpt>
    <trkpt lat="43.975619" lon="7.236691"><ele>1413.0</ele></trkpt>
    <trkpt lat="43.975955" lon="7.236542"><ele>1422.0</ele></trkpt>
    <trkpt lat="43.976295" lon="7.236611"><ele>1422.0</ele></trkpt>
    <trkpt lat="43.976633" lon="7.236684"><ele>1416.0</ele></trkpt>
    <trkpt lat="43.977164" lon="7.235896"><ele>1405.0</ele></trkpt>
    <trkpt lat="43.977481" lon="7.235171"><ele>1406.0</ele></trkpt>
    <trkpt lat="43.978433" lon="7.234557"><ele>1405.0</ele></trkpt>
    <trkpt lat="43.979072" lon="7.234164"><ele>1403.0</ele></trkpt>
    <trkpt lat="43.979686" lon="7.234305"><ele>1395.0</ele></trkpt>
    <trkpt lat="43.980392" lon="7.234831"><ele>1388.0</ele></trkpt>
    <trkpt lat="43.980876" lon="7.235397"><ele>1385.0</ele></trkpt>
    <trkpt lat="43.981547" lon="7.235715"><ele>1385.0</ele></trkpt>
    <trkpt lat="43.981955" lon="7.23602"><ele>1381.0</ele></trkpt>
    <trkpt lat="43.982517" lon="7.235732"><ele>1388.0</ele></trkpt>
    <trkpt lat="43.98335" lon="7.235261"><ele>1383.0</ele></trkpt>
    <trkpt lat="43.983961" lon="7.234842"><ele>1380.0</ele></trkpt>
    <trkpt lat="43.984306" lon="7.234588"><ele>1372.0</ele></trkpt>
    <trkpt lat="43.984535" lon="7.234062"><ele>1366.0</ele></trkpt>
    <trkpt lat="43.98485" lon="7.233663"><ele>1362.0</ele></trkpt>
    <trkpt lat="43.985099" lon="7.233444"><ele>1361.0</ele></trkpt>
    <trkpt lat="43.985556" lon="7.232831"><ele>1356.0</ele></trkpt>
    <trkpt lat="43.986033" lon="7.232349"><ele>1349.0</ele></trkpt>
    <trkpt lat="43.987107" lon="7.231567"><ele>1361.0</ele></trkpt>
    <trkpt lat="43.987744" lon="7.231397"><ele>1379.0</ele></trkpt>
    <trkpt lat="43.989041" lon="7.230986"><ele>1400.0</ele></trkpt>
    <trkpt lat="43.989709" lon="7.231174"><ele>1429.0</ele></trkpt>
    <trkpt lat="43.990301" lon="7.231525"><ele>1457.0</ele></trkpt>
    <trkpt lat="43.990336" lon="7.231787"><ele>1460.0</ele></trkpt>
    <trkpt lat="43.991565" lon="7.231578"><ele>1474.0</ele></trkpt>
    <trkpt lat="43.992167" lon="7.231728"><ele>1481.0</ele></trkpt>
    <trkpt lat="43.99226" lon="7.2317"><ele>1484.0</ele></trkpt>
    <trkpt lat="43.992487" lon="7.231725"><ele>1490.0</ele></trkpt>
    <trkpt lat="43.992759" lon="7.231787"><ele>1498.0</ele></trkpt>
    <trkpt lat="43.992958" lon="7.231846"><ele>1504.0</ele></trkpt>
    <trkpt lat="43.993355" lon="7.232247"><ele>1510.0</ele></trkpt>
    <trkpt lat="43.993471" lon="7.232383"><ele>1511.0</ele></trkpt>
    <trkpt lat="43.993665" lon="7.232607"><ele>1517.0</ele></trkpt>
    <trkpt lat="43.993802" lon="7.232709"><ele>1523.0</ele></trkpt>
    <trkpt lat="43.993966" lon="7.232847"><ele>1529.0</ele></trkpt>
    <trkpt lat="43.994155" lon="7.233022"><ele>1536.0</ele></trkpt>
    <trkpt lat="43.994277" lon="7.233167"><ele>1539.0</ele></trkpt>
    <trkpt lat="43.994677" lon="7.233332"><ele>1553.0</ele></trkpt>
    <trkpt lat="43.995019" lon="7.233523"><ele>1559.0</ele></trkpt>
    <trkpt lat="43.995566" lon="7.233869"><ele>1566.0</ele></trkpt>
    <trkpt lat="43.995645" lon="7.234041"><ele>1568.0</ele></trkpt>
    <trkpt lat="43.995498" lon="7.234359"><ele>1573.0</ele></trkpt>
    <trkpt lat="43.995635" lon="7.234288"><ele>1573.0</ele></trkpt>
    <trkpt lat="43.995727" lon="7.234291"><ele>1576.0</ele></trkpt>
    <trkpt lat="43.995822" lon="7.234254"><ele>1577.0</ele></trkpt>
    <trkpt lat="43.995918" lon="7.234242"><ele>1580.0</ele></trkpt>
    <trkpt lat="43.996036" lon="7.234239"><ele>1583.0</ele></trkpt>
    <trkpt lat="43.996168" lon="7.234236"><ele>1588.0</ele></trkpt>
    <trkpt lat="43.996279" lon="7.234231"><ele>1591.0</ele></trkpt>
    <trkpt lat="43.996363" lon="7.234294"><ele>1595.0</ele></trkpt>
    <trkpt lat="43.996478" lon="7.23427"><ele>1598.0</ele></trkpt>
    <trkpt lat="43.996566" lon="7.234309"><ele>1601.0</ele></trkpt>
    <trkpt lat="43.996647" lon="7.234382"><ele>1605.0</ele></trkpt>
    <trkpt lat="43.996726" lon="7.234652"><ele>1612.0</ele></trkpt>
    <trkpt lat="43.99698" lon="7.234777"><ele>1622.0</ele></trkpt>
    <trkpt lat="43.997342" lon="7.234847"><ele>1634.0</ele></trkpt>
    <trkpt lat="43.997569" lon="7.235101"><ele>1645.0</ele></trkpt>
    <trkpt lat="43.997798" lon="7.235277"><ele>1655.0</ele></trkpt>
    <trkpt lat="43.998059" lon="7.235366"><ele>1664.0</ele></trkpt>
    <trkpt lat="43.998414" lon="7.235652"><ele>1678.0</ele></trkpt>
    <trkpt lat="43.998649" lon="7.235916"><ele>1686.0</ele></trkpt>
    <trkpt lat="43.998782" lon="7.236018"><ele>1688.0</ele></trkpt>
    <trkpt lat="43.999013" lon="7.236145"><ele>1689.0</ele></trkpt>
    <trkpt lat="43.999435" lon="7.236401"><ele>1682.0</ele></trkpt>
    <trkpt lat="43.99977" lon="7.236455"><ele>1683.0</ele></trkpt>
    <trkpt lat="44.000343" lon="7.236785"><ele>1665.0</ele></trkpt>
    <trkpt lat="44.000493" lon="7.236717"><ele>1665.0</ele></trkpt>
    <trkpt lat="44.000704" lon="7.236447"><ele>1667.0</ele></trkpt>
    <trkpt lat="44.000907" lon="7.236046"><ele>1669.0</ele></trkpt>
    <trkpt lat="44.001092" lon="7.235794"><ele>1672.0</ele></trkpt>
    <trkpt lat="44.001468" lon="7.235671"><ele>1669.0</ele></trkpt>
    <trkpt lat="44.001872" lon="7.235323"><ele>1673.0</ele></trkpt>
    <trkpt lat="44.002243" lon="7.235233"><ele>1664.0</ele></trkpt>
    <trkpt lat="44.003013" lon="7.23506"><ele>1659.0</ele></trkpt>
    <trkpt lat="44.003658" lon="7.235081"><ele>1660.0</ele></trkpt>
    <trkpt lat="44.004793" lon="7.235333"><ele>1656.0</ele></trkpt>
    <trkpt lat="44.005072" lon="7.235588"><ele>1659.0</ele></trkpt>
    <trkpt lat="44.005398" lon="7.236093"><ele>1659.0</ele></trkpt>
    <trkpt lat="44.005795" lon="7.236234"><ele>1661.0</ele></trkpt>
    <trkpt lat="44.006592" lon="7.236406"><ele>1660.0</ele></trkpt>
    <trkpt lat="44.007315" lon="7.236479"><ele>1657.0</ele></trkpt>
    <trkpt lat="44.007979" lon="7.236391"><ele>1658.0</ele></trkpt>
    <trkpt lat="44.008458" lon="7.23635"><ele>1661.0</ele></trkpt>
    <trkpt lat="44.008753" lon="7.236358"><ele>1664.0</ele></trkpt>
    <trkpt lat="44.009248" lon="7.236736"><ele>1666.0</ele></trkpt>
    <trkpt lat="44.009736" lon="7.237195"><ele>1670.0</ele></trkpt>
    <trkpt lat="44.010047" lon="7.237586"><ele>1674.0</ele></trkpt>
    <trkpt lat="44.010179" lon="7.238415"><ele>1673.0</ele></trkpt>
    <trkpt lat="44.010149" lon="7.239048"><ele>1670.0</ele></trkpt>
    <trkpt lat="44.010183" lon="7.239545"><ele>1672.0</ele></trkpt>
    <trkpt lat="44.009974" lon="7.240658"><ele>1669.0</ele></trkpt>
    <trkpt lat="44.009399" lon="7.242405"><ele>1671.0</ele></trkpt>
    <trkpt lat="44.008999" lon="7.244211"><ele>1674.0</ele></trkpt>
    <trkpt lat="44.009002" lon="7.245228"><ele>1676.0</ele></trkpt>
    <trkpt lat="44.009277" lon="7.24699"><ele>1681.0</ele></trkpt>
    <trkpt lat="44.00927" lon="7.247344"><ele>1682.0</ele></trkpt>
    <trkpt lat="44.009075" lon="7.248178"><ele>1683.0</ele></trkpt>
    <trkpt lat="44.00905" lon="7.249374"><ele>1686.0</ele></trkpt>
    <trkpt lat="44.00911" lon="7.250054"><ele>1687.0</ele></trkpt>
    <trkpt lat="44.009068" lon="7.250559"><ele>1684.0</ele></trkpt>
    <trkpt lat="44.009292" lon="7.250384"><ele>1690.0</ele></trkpt>
    <trkpt lat="44.00957" lon="7.250047"><ele>1699.0</ele></trkpt>
    <trkpt lat="44.009641" lon="7.250201"><ele>1700.0</ele></trkpt>
    <trkpt lat="44.009688" lon="7.250646"><ele>1697.0</ele></trkpt>
    <trkpt lat="44.009818" lon="7.250827"><ele>1697.0</ele></trkpt>
    <trkpt lat="44.009881" lon="7.250346"><ele>1704.0</ele></trkpt>
    <trkpt lat="44.01" lon="7.24977"><ele>1710.0</ele></trkpt>
    <trkpt lat="44.010349" lon="7.249267"><ele>1719.0</ele></trkpt>
    <trkpt lat="44.010763" lon="7.248492"><ele>1727.0</ele></trkpt>
    <trkpt lat="44.010906" lon="7.248446"><ele>1731.0</ele></trkpt>
    <trkpt lat="44.011089" lon="7.24849"><ele>1737.0</ele></trkpt>
    <trkpt lat="44.011196" lon="7.248456"><ele>1740.0</ele></trkpt>
    <trkpt lat="44.011534" lon="7.24824"><ele>1749.0</ele></trkpt>
    <trkpt lat="44.011716" lon="7.247909"><ele>1754.0</ele></trkpt>
    <trkpt lat="44.011838" lon="7.247285"><ele>1754.0</ele></trkpt>
    <trkpt lat="44.011995" lon="7.247223"><ele>1759.0</ele></trkpt>
    <trkpt lat="44.012244" lon="7.246922"><ele>1764.0</ele></trkpt>
    <trkpt lat="44.012415" lon="7.246237"><ele>1766.0</ele></trkpt>
    <trkpt lat="44.012269" lon="7.245917"><ele>1764.0</ele></trkpt>
    <trkpt lat="44.012286" lon="7.245659"><ele>1766.0</ele></trkpt>
    <trkpt lat="44.012442" lon="7.245533"><ele>1771.0</ele></trkpt>
    <trkpt lat="44.012642" lon="7.245627"><ele>1775.0</ele></trkpt>
    <trkpt lat="44.012754" lon="7.24586"><ele>1778.0</ele></trkpt>
    <trkpt lat="44.012821" lon="7.246168"><ele>1779.0</ele></trkpt>
    <trkpt lat="44.012791" lon="7.246727"><ele>1781.0</ele></trkpt>
    <trkpt lat="44.012899" lon="7.247746"><ele>1795.0</ele></trkpt>
    <trkpt lat="44.013041" lon="7.248035"><ele>1801.0</ele></trkpt>
    <trkpt lat="44.013215" lon="7.248309"><ele>1808.0</ele></trkpt>
    <trkpt lat="44.013347" lon="7.248395"><ele>1813.0</ele></trkpt>
    <trkpt lat="44.013467" lon="7.248579"><ele>1817.0</ele></trkpt>
    <trkpt lat="44.013571" lon="7.248761"><ele>1821.0</ele></trkpt>
    <trkpt lat="44.013629" lon="7.248968"><ele>1823.0</ele></trkpt>
    <trkpt lat="44.013713" lon="7.24906"><ele>1826.0</ele></trkpt>
    <trkpt lat="44.013808" lon="7.248948"><ele>1830.0</ele></trkpt>
    <trkpt lat="44.014015" lon="7.248889"><ele>1838.0</ele></trkpt>
    <trkpt lat="44.014186" lon="7.248474"><ele>1845.0</ele></trkpt>
    <trkpt lat="44.014275" lon="7.248397"><ele>1849.0</ele></trkpt>
    <trkpt lat="44.01434" lon="7.248327"><ele>1852.0</ele></trkpt>
    <trkpt lat="44.014469" lon="7.248181"><ele>1859.0</ele></trkpt>
    <trkpt lat="44.014584" lon="7.248199"><ele>1864.0</ele></trkpt>
    <trkpt lat="44.014691" lon="7.248069"><ele>1869.0</ele></trkpt>
    <trkpt lat="44.014808" lon="7.247992"><ele>1875.0</ele></trkpt>
    <trkpt lat="44.014885" lon="7.247878"><ele>1879.0</ele></trkpt>
    <trkpt lat="44.015017" lon="7.247687"><ele>1885.0</ele></trkpt>
    <trkpt lat="44.015187" lon="7.247243"><ele>1892.0</ele></trkpt>
    <trkpt lat="44.015364" lon="7.247073"><ele>1899.0</ele></trkpt>
    <trkpt lat="44.015538" lon="7.246884"><ele>1904.0</ele></trkpt>
    <trkpt lat="44.015629" lon="7.246627"><ele>1906.0</ele></trkpt>
    <trkpt lat="44.01576" lon="7.24645"><ele>1909.0</ele></trkpt>
    <trkpt lat="44.015897" lon="7.245968"><ele>1910.0</ele></trkpt>
    <trkpt lat="44.016057" lon="7.245619"><ele>1913.0</ele></trkpt>
    <trkpt lat="44.016221" lon="7.245012"><ele>1917.0</ele></trkpt>
    <trkpt lat="44.016412" lon="7.244716"><ele>1925.0</ele></trkpt>
    <trkpt lat="44.016686" lon="7.244057"><ele>1935.0</ele></trkpt>
    <trkpt lat="44.016664" lon="7.243487"><ele>1936.0</ele></trkpt>
    <trkpt lat="44.016762" lon="7.243177"><ele>1940.0</ele></trkpt>
    <trkpt lat="44.017171" lon="7.242581"><ele>1956.0</ele></trkpt>
    <trkpt lat="44.017325" lon="7.242156"><ele>1965.0</ele></trkpt>
    <trkpt lat="44.017323" lon="7.241652"><ele>1970.0</ele></trkpt>
    <trkpt lat="44.017347" lon="7.241195"><ele>1973.0</ele></trkpt>
    <trkpt lat="44.017485" lon="7.240083"><ele>1980.0</ele></trkpt>
    <trkpt lat="44.01753" lon="7.239332"><ele>1982.0</ele></trkpt>
    <trkpt lat="44.017437" lon="7.238128"><ele>1973.0</ele></trkpt>
    <trkpt lat="44.01735" lon="7.236839"><ele>1970.0</ele></trkpt>
    <trkpt lat="44.017297" lon="7.236488"><ele>1973.0</ele></trkpt>
    <trkpt lat="44.017392" lon="7.23621"><ele>1976.0</ele></trkpt>
    <trkpt lat="44.017522" lon="7.23567"><ele>1981.0</ele></trkpt>
    <trkpt lat="44.017603" lon="7.235014"><ele>1991.0</ele></trkpt>
    <trkpt lat="44.017855" lon="7.234536"><ele>1990.0</ele></trkpt>
    <trkpt lat="44.018175" lon="7.234046"><ele>1991.0</ele></trkpt>
    <trkpt lat="44.018496" lon="7.233791"><ele>1979.0</ele></trkpt>
    <trkpt lat="44.018649" lon="7.233322"><ele>1991.0</ele></trkpt>
    <trkpt lat="44.018946" lon="7.232867"><ele>1987.0</ele></trkpt>
    <trkpt lat="44.019343" lon="7.232517"><ele>1971.0</ele></trkpt>
    <trkpt lat="44.019663" lon="7.232187"><ele>1954.0</ele></trkpt>
    <trkpt lat="44.019888" lon="7.231932"><ele>1939.0</ele></trkpt>
    <trkpt lat="44.019897" lon="7.23159"><ele>1920.0</ele></trkpt>
    <trkpt lat="44.020158" lon="7.231605"><ele>1927.0</ele></trkpt>
    <trkpt lat="44.020309" lon="7.231605"><ele>1932.0</ele></trkpt>
    <trkpt lat="44.020546" lon="7.23154"><ele>1935.0</ele></trkpt>
    <trkpt lat="44.020771" lon="7.231378"><ele>1932.0</ele></trkpt>
    <trkpt lat="44.020987" lon="7.231229"><ele>1933.0</ele></trkpt>
    <trkpt lat="44.021166" lon="7.231123"><ele>1934.0</ele></trkpt>
    <trkpt lat="44.021399" lon="7.231096"><ele>1938.0</ele></trkpt>
    <trkpt lat="44.02173" lon="7.230961"><ele>1939.0</ele></trkpt>
    <trkpt lat="44.022006" lon="7.230858"><ele>1941.0</ele></trkpt>
    <trkpt lat="44.022243" lon="7.230745"><ele>1941.0</ele></trkpt>
    <trkpt lat="44.022537" lon="7.230581"><ele>1941.0</ele></trkpt>
    <trkpt lat="44.02274" lon="7.230389"><ele>1939.0</ele></trkpt>
    <trkpt lat="44.022954" lon="7.230086"><ele>1945.0</ele></trkpt>
    <trkpt lat="44.023054" lon="7.229654"><ele>1948.0</ele></trkpt>
    <trkpt lat="44.023253" lon="7.229457"><ele>1953.0</ele></trkpt>
    <trkpt lat="44.023458" lon="7.229202"><ele>1954.0</ele></trkpt>
    <trkpt lat="44.023724" lon="7.228906"><ele>1955.0</ele></trkpt>
    <trkpt lat="44.023894" lon="7.228574"><ele>1953.0</ele></trkpt>
    <trkpt lat="44.023965" lon="7.228285"><ele>1949.0</ele></trkpt>
    <trkpt lat="44.024094" lon="7.228029"><ele>1948.0</ele></trkpt>
    <trkpt lat="44.024234" lon="7.227823"><ele>1949.0</ele></trkpt>
    <trkpt lat="44.024356" lon="7.227597"><ele>1949.0</ele></trkpt>
    <trkpt lat="44.024487" lon="7.227297"><ele>1948.0</ele></trkpt>
    <trkpt lat="44.024679" lon="7.226799"><ele>1951.0</ele></trkpt>
    <trkpt lat="44.024815" lon="7.226172"><ele>1948.0</ele></trkpt>
    <trkpt lat="44.024968" lon="7.225659"><ele>1942.0</ele></trkpt>
    <trkpt lat="44.025022" lon="7.224633"><ele>1933.0</ele></trkpt>
    <trkpt lat="44.025109" lon="7.224258"><ele>1930.0</ele></trkpt>
    <trkpt lat="44.025875" lon="7.223513"><ele>1922.0</ele></trkpt>
    <trkpt lat="44.026228" lon="7.223314"><ele>1919.0</ele></trkpt>
    <trkpt lat="44.026488" lon="7.223078"><ele>1913.0</ele></trkpt>
    <trkpt lat="44.02656" lon="7.222834"><ele>1910.0</ele></trkpt>
    <trkpt lat="44.026768" lon="7.222425"><ele>1910.0</ele></trkpt>
    <trkpt lat="44.026828" lon="7.222034"><ele>1914.0</ele></trkpt>
    <trkpt lat="44.026808" lon="7.221574"><ele>1916.0</ele></trkpt>
    <trkpt lat="44.026931" lon="7.221037"><ele>1918.0</ele></trkpt>
    <trkpt lat="44.027085" lon="7.220532"><ele>1920.0</ele></trkpt>
    <trkpt lat="44.027499" lon="7.220035"><ele>1923.0</ele></trkpt>
    <trkpt lat="44.027777" lon="7.219648"><ele>1925.0</ele></trkpt>
    <trkpt lat="44.028" lon="7.219211"><ele>1928.0</ele></trkpt>
    <trkpt lat="44.028194" lon="7.2187"><ele>1929.0</ele></trkpt>
    <trkpt lat="44.028393" lon="7.218523"><ele>1931.0</ele></trkpt>
    <trkpt lat="44.028674" lon="7.21839"><ele>1934.0</ele></trkpt>
    <trkpt lat="44.028882" lon="7.218139"><ele>1937.0</ele></trkpt>
    <trkpt lat="44.028917" lon="7.217935"><ele>1936.0</ele></trkpt>
    <trkpt lat="44.02894" lon="7.217683"><ele>1936.0</ele></trkpt>
    <trkpt lat="44.02907" lon="7.217502"><ele>1936.0</ele></trkpt>
    <trkpt lat="44.029355" lon="7.217513"><ele>1938.0</ele></trkpt>
    <trkpt lat="44.029485" lon="7.217476"><ele>1939.0</ele></trkpt>
    <trkpt lat="44.029756" lon="7.21721"><ele>1939.0</ele></trkpt>
    <trkpt lat="44.029844" lon="7.217169"><ele>1940.0</ele></trkpt>
    <trkpt lat="44.029911" lon="7.217158"><ele>1940.0</ele></trkpt>
    <trkpt lat="44.030009" lon="7.217138"><ele>1939.0</ele></trkpt>
    <trkpt lat="44.030121" lon="7.217052"><ele>1937.0</ele></trkpt>
    <trkpt lat="44.03024" lon="7.216829"><ele>1937.0</ele></trkpt>
    <trkpt lat="44.030315" lon="7.216619"><ele>1936.0</ele></trkpt>
    <trkpt lat="44.030485" lon="7.216455"><ele>1938.0</ele></trkpt>
    <trkpt lat="44.030863" lon="7.216362"><ele>1948.0</ele></trkpt>
    <trkpt lat="44.031169" lon="7.216036"><ele>1953.0</ele></trkpt>
    <trkpt lat="44.031539" lon="7.215713"><ele>1958.0</ele></trkpt>
    <trkpt lat="44.031736" lon="7.215479"><ele>1956.0</ele></trkpt>
    <trkpt lat="44.031832" lon="7.215375"><ele>1956.0</ele></trkpt>
    <trkpt lat="44.031851" lon="7.21522"><ele>1954.0</ele></trkpt>
    <trkpt lat="44.031913" lon="7.215121"><ele>1956.0</ele></trkpt>
    <trkpt lat="44.032013" lon="7.214996"><ele>1958.0</ele></trkpt>
    <trkpt lat="44.032122" lon="7.214775"><ele>1963.0</ele></trkpt>
    <trkpt lat="44.03208" lon="7.214489"><ele>1967.0</ele></trkpt>
    <trkpt lat="44.032125" lon="7.213915"><ele>1974.0</ele></trkpt>
    <trkpt lat="44.032125" lon="7.213344"><ele>1982.0</ele></trkpt>
    <trkpt lat="44.032102" lon="7.212854"><ele>1991.0</ele></trkpt>
    <trkpt lat="44.032032" lon="7.212358"><ele>1995.0</ele></trkpt>
    <trkpt lat="44.032136" lon="7.21192"><ele>2002.0</ele></trkpt>
    <trkpt lat="44.032438" lon="7.211424"><ele>2010.0</ele></trkpt>
    <trkpt lat="44.032555" lon="7.211237"><ele>2008.0</ele></trkpt>
    <trkpt lat="44.032901" lon="7.211008"><ele>2008.0</ele></trkpt>
    <trkpt lat="44.033058" lon="7.210974"><ele>2008.0</ele></trkpt>
    <trkpt lat="44.033218" lon="7.210994"><ele>2006.0</ele></trkpt>
    <trkpt lat="44.033257" lon="7.211046"><ele>2008.0</ele></trkpt>
    <trkpt lat="44.033298" lon="7.211105"><ele>2011.0</ele></trkpt>
    <trkpt lat="44.033435" lon="7.211199"><ele>2012.0</ele></trkpt>
    <trkpt lat="44.033555" lon="7.211233"><ele>2011.0</ele></trkpt>
    <trkpt lat="44.033734" lon="7.211167"><ele>2006.0</ele></trkpt>
    <trkpt lat="44.033949" lon="7.211018"><ele>2002.0</ele></trkpt>
    <trkpt lat="44.034081" lon="7.210961"><ele>2001.0</ele></trkpt>
    <trkpt lat="44.034223" lon="7.210909"><ele>2001.0</ele></trkpt>
    <trkpt lat="44.034422" lon="7.210767"><ele>1997.0</ele></trkpt>
    <trkpt lat="44.034596" lon="7.210684"><ele>1996.0</ele></trkpt>
    <trkpt lat="44.034768" lon="7.21059"><ele>1992.0</ele></trkpt>
    <trkpt lat="44.034975" lon="7.210489"><ele>1991.0</ele></trkpt>
    <trkpt lat="44.035166" lon="7.210362"><ele>1989.0</ele></trkpt>
    <trkpt lat="44.035282" lon="7.21028"><ele>1987.0</ele></trkpt>
    <trkpt lat="44.035436" lon="7.210217"><ele>1988.0</ele></trkpt>
    <trkpt lat="44.035552" lon="7.210084"><ele>1984.0</ele></trkpt>
    <trkpt lat="44.035673" lon="7.21"><ele>1982.0</ele></trkpt>
    <trkpt lat="44.035785" lon="7.209971"><ele>1983.0</ele></trkpt>
    <trkpt lat="44.035894" lon="7.209844"><ele>1980.0</ele></trkpt>
    <trkpt lat="44.036011" lon="7.209738"><ele>1981.0</ele></trkpt>
    <trkpt lat="44.036058" lon="7.209455"><ele>1977.0</ele></trkpt>
    <trkpt lat="44.036149" lon="7.209225"><ele>1975.0</ele></trkpt>
    <trkpt lat="44.036455" lon="7.209055"><ele>1980.0</ele></trkpt>
    <trkpt lat="44.036793" lon="7.209006"><ele>1985.0</ele></trkpt>
    <trkpt lat="44.037042" lon="7.208847"><ele>1978.0</ele></trkpt>
    <trkpt lat="44.037158" lon="7.208887"><ele>1981.0</ele></trkpt>
    <trkpt lat="44.037401" lon="7.208901"><ele>1985.0</ele></trkpt>
    <trkpt lat="44.037644" lon="7.208617"><ele>1977.0</ele></trkpt>
    <trkpt lat="44.038093" lon="7.207824"><ele>1975.0</ele></trkpt>
    <trkpt lat="44.038226" lon="7.207537"><ele>1974.0</ele></trkpt>
    <trkpt lat="44.038324" lon="7.207124"><ele>1970.0</ele></trkpt>
    <trkpt lat="44.038456" lon="7.206766"><ele>1967.0</ele></trkpt>
    <trkpt lat="44.038498" lon="7.206623"><ele>1965.0</ele></trkpt>
    <trkpt lat="44.038586" lon="7.206409"><ele>1962.0</ele></trkpt>
    <trkpt lat="44.038744" lon="7.206029"><ele>1958.0</ele></trkpt>
    <trkpt lat="44.038883" lon="7.205726"><ele>1958.0</ele></trkpt>
    <trkpt lat="44.039194" lon="7.205128"><ele>1960.0</ele></trkpt>
    <trkpt lat="44.039239" lon="7.204856"><ele>1960.0</ele></trkpt>
    <trkpt lat="44.039326" lon="7.204237"><ele>1959.0</ele></trkpt>
    <trkpt lat="44.039417" lon="7.20411"><ele>1958.0</ele></trkpt>
    <trkpt lat="44.0397" lon="7.204203"><ele>1955.0</ele></trkpt>
    <trkpt lat="44.040397" lon="7.204536"><ele>1935.0</ele></trkpt>
    <trkpt lat="44.04065" lon="7.20462"><ele>1926.0</ele></trkpt>
    <trkpt lat="44.040845" lon="7.204823"><ele>1928.0</ele></trkpt>
    <trkpt lat="44.040993" lon="7.204847"><ele>1926.0</ele></trkpt>
    <trkpt lat="44.041148" lon="7.204816"><ele>1922.0</ele></trkpt>
    <trkpt lat="44.04141" lon="7.204864"><ele>1922.0</ele></trkpt>
    <trkpt lat="44.041635" lon="7.204836"><ele>1920.0</ele></trkpt>
    <trkpt lat="44.042056" lon="7.204709"><ele>1908.0</ele></trkpt>
    <trkpt lat="44.042416" lon="7.204794"><ele>1904.0</ele></trkpt>
    <trkpt lat="44.042698" lon="7.204822"><ele>1904.0</ele></trkpt>
    <trkpt lat="44.043116" lon="7.204588"><ele>1899.0</ele></trkpt>
    <trkpt lat="44.043494" lon="7.204406"><ele>1899.0</ele></trkpt>
    <trkpt lat="44.043998" lon="7.204072"><ele>1894.0</ele></trkpt>
    <trkpt lat="44.04437" lon="7.20373"><ele>1892.0</ele></trkpt>
    <trkpt lat="44.044601" lon="7.203525"><ele>1891.0</ele></trkpt>
    <trkpt lat="44.044689" lon="7.203371"><ele>1889.0</ele></trkpt>
    <trkpt lat="44.044813" lon="7.20319"><ele>1889.0</ele></trkpt>
    <trkpt lat="44.044862" lon="7.202995"><ele>1887.0</ele></trkpt>
    <trkpt lat="44.045154" lon="7.202582"><ele>1889.0</ele></trkpt>
    <trkpt lat="44.045424" lon="7.202355"><ele>1891.0</ele></trkpt>
    <trkpt lat="44.045763" lon="7.202123"><ele>1893.0</ele></trkpt>
    <trkpt lat="44.045911" lon="7.202016"><ele>1894.0</ele></trkpt>
    <trkpt lat="44.046034" lon="7.201952"><ele>1896.0</ele></trkpt>
    <trkpt lat="44.046115" lon="7.201851"><ele>1894.0</ele></trkpt>
    <trkpt lat="44.046274" lon="7.201778"><ele>1896.0</ele></trkpt>
    <trkpt lat="44.046509" lon="7.201749"><ele>1900.0</ele></trkpt>
    <trkpt lat="44.046653" lon="7.201718"><ele>1901.0</ele></trkpt>
    <trkpt lat="44.046828" lon="7.201684"><ele>1904.0</ele></trkpt>
    <trkpt lat="44.046928" lon="7.20167"><ele>1904.0</ele></trkpt>
    <trkpt lat="44.046946" lon="7.201768"><ele>1905.0</ele></trkpt>
    <trkpt lat="44.046864" lon="7.201941"><ele>1910.0</ele></trkpt>
    <trkpt lat="44.046795" lon="7.202085"><ele>1915.0</ele></trkpt>
    <trkpt lat="44.046726" lon="7.202208"><ele>1921.0</ele></trkpt>
    <trkpt lat="44.046726" lon="7.202208"><ele>1921.0</ele></trkpt>
    <trkpt lat="44.046795" lon="7.202085"><ele>1915.0</ele></trkpt>
    <trkpt lat="44.046864" lon="7.201941"><ele>1910.0</ele></trkpt>
    <trkpt lat="44.046946" lon="7.201768"><ele>1905.0</ele></trkpt>
    <trkpt lat="44.047044" lon="7.201642"><ele>1904.0</ele></trkpt>
    <trkpt lat="44.047121" lon="7.201419"><ele>1903.0</ele></trkpt>
    <trkpt lat="44.047195" lon="7.201165"><ele>1904.0</ele></trkpt>
    <trkpt lat="44.047181" lon="7.201695"><ele>1899.0</ele></trkpt>
    <trkpt lat="44.047333" lon="7.201847"><ele>1889.0</ele></trkpt>
    <trkpt lat="44.047358" lon="7.201407"><ele>1891.0</ele></trkpt>
    <trkpt lat="44.047435" lon="7.201472"><ele>1884.0</ele></trkpt>
    <trkpt lat="44.047533" lon="7.201853"><ele>1874.0</ele></trkpt>
    <trkpt lat="44.047582" lon="7.201696"><ele>1870.0</ele></trkpt>
    <trkpt lat="44.047659" lon="7.201659"><ele>1864.0</ele></trkpt>
    <trkpt lat="44.048054" lon="7.202136"><ele>1842.0</ele></trkpt>
    <trkpt lat="44.048339" lon="7.20262"><ele>1840.0</ele></trkpt>
    <trkpt lat="44.048811" lon="7.203409"><ele>1826.0</ele></trkpt>
    <trkpt lat="44.049188" lon="7.20421"><ele>1814.0</ele></trkpt>
    <trkpt lat="44.049391" lon="7.204798"><ele>1813.0</ele></trkpt>
    <trkpt lat="44.049826" lon="7.20541"><ele>1798.0</ele></trkpt>
    <trkpt lat="44.050184" lon="7.205812"><ele>1791.0</ele></trkpt>
    <trkpt lat="44.051139" lon="7.206486"><ele>1773.0</ele></trkpt>
    <trkpt lat="44.051565" lon="7.206963"><ele>1763.0</ele></trkpt>
    <trkpt lat="44.051737" lon="7.207557"><ele>1758.0</ele></trkpt>
    <trkpt lat="44.051652" lon="7.20788"><ele>1760.0</ele></trkpt>
    <trkpt lat="44.051207" lon="7.208698"><ele>1775.0</ele></trkpt>
    <trkpt lat="44.051111" lon="7.209275"><ele>1772.0</ele></trkpt>
    <trkpt lat="44.051239" lon="7.209696"><ele>1759.0</ele></trkpt>
    <trkpt lat="44.051155" lon="7.210027"><ele>1758.0</ele></trkpt>
    <trkpt lat="44.051092" lon="7.210473"><ele>1749.0</ele></trkpt>
    <trkpt lat="44.051188" lon="7.210847"><ele>1740.0</ele></trkpt>
    <trkpt lat="44.051129" lon="7.210988"><ele>1737.0</ele></trkpt>
    <trkpt lat="44.051115" lon="7.211039"><ele>1735.0</ele></trkpt>
    <trkpt lat="44.051344" lon="7.21104"><ele>1735.0</ele></trkpt>
    <trkpt lat="44.051569" lon="7.211339"><ele>1725.0</ele></trkpt>
    <trkpt lat="44.051708" lon="7.211417"><ele>1720.0</ele></trkpt>
    <trkpt lat="44.051816" lon="7.211523"><ele>1716.0</ele></trkpt>
    <trkpt lat="44.051938" lon="7.21167"><ele>1712.0</ele></trkpt>
    <trkpt lat="44.052064" lon="7.211766"><ele>1709.0</ele></trkpt>
    <trkpt lat="44.052171" lon="7.211883"><ele>1707.0</ele></trkpt>
    <trkpt lat="44.052293" lon="7.21208"><ele>1705.0</ele></trkpt>
    <trkpt lat="44.052449" lon="7.21225"><ele>1704.0</ele></trkpt>
    <trkpt lat="44.052616" lon="7.21251"><ele>1704.0</ele></trkpt>
    <trkpt lat="44.052725" lon="7.212713"><ele>1704.0</ele></trkpt>
    <trkpt lat="44.052862" lon="7.212805"><ele>1706.0</ele></trkpt>
    <trkpt lat="44.053194" lon="7.212741"><ele>1712.0</ele></trkpt>
    <trkpt lat="44.053671" lon="7.212675"><ele>1715.0</ele></trkpt>
    <trkpt lat="44.054307" lon="7.212561"><ele>1713.0</ele></trkpt>
    <trkpt lat="44.054939" lon="7.212502"><ele>1705.0</ele></trkpt>
    <trkpt lat="44.055278" lon="7.212703"><ele>1699.0</ele></trkpt>
    <trkpt lat="44.055392" lon="7.213364"><ele>1710.0</ele></trkpt>
    <trkpt lat="44.055924" lon="7.213673"><ele>1699.0</ele></trkpt>
    <trkpt lat="44.056459" lon="7.213842"><ele>1680.0</ele></trkpt>
    <trkpt lat="44.05698" lon="7.214438"><ele>1673.0</ele></trkpt>
    <trkpt lat="44.057591" lon="7.214587"><ele>1655.0</ele></trkpt>
    <trkpt lat="44.057937" lon="7.214186"><ele>1632.0</ele></trkpt>
    <trkpt lat="44.058555" lon="7.213625"><ele>1607.0</ele></trkpt>
    <trkpt lat="44.059099" lon="7.213341"><ele>1609.0</ele></trkpt>
    <trkpt lat="44.059551" lon="7.212955"><ele>1608.0</ele></trkpt>
    <trkpt lat="44.059933" lon="7.212509"><ele>1598.0</ele></trkpt>
    <trkpt lat="44.060818" lon="7.21245"><ele>1592.0</ele></trkpt>
    <trkpt lat="44.061884" lon="7.212606"><ele>1574.0</ele></trkpt>
    <trkpt lat="44.062907" lon="7.212933"><ele>1557.0</ele></trkpt>
    <trkpt lat="44.063388" lon="7.212916"><ele>1550.0</ele></trkpt>
    <trkpt lat="44.063907" lon="7.212739"><ele>1540.0</ele></trkpt>
    <trkpt lat="44.064391" lon="7.212891"><ele>1531.0</ele></trkpt>
    <trkpt lat="44.064644" lon="7.213217"><ele>1524.0</ele></trkpt>
    <trkpt lat="44.064935" lon="7.213693"><ele>1517.0</ele></trkpt>
    <trkpt lat="44.065543" lon="7.214763"><ele>1495.0</ele></trkpt>
    <trkpt lat="44.065921" lon="7.215515"><ele>1486.0</ele></trkpt>
    <trkpt lat="44.066042" lon="7.216532"><ele>1485.0</ele></trkpt>
    <trkpt lat="44.065943" lon="7.217291"><ele>1488.0</ele></trkpt>
    <trkpt lat="44.06597" lon="7.218074"><ele>1493.0</ele></trkpt>
    <trkpt lat="44.065978" lon="7.218531"><ele>1504.0</ele></trkpt>
    <trkpt lat="44.066574" lon="7.218289"><ele>1504.0</ele></trkpt>
    <trkpt lat="44.067175" lon="7.218024"><ele>1510.0</ele></trkpt>
    <trkpt lat="44.067952" lon="7.21776"><ele>1509.0</ele></trkpt>
    <trkpt lat="44.06937" lon="7.218001"><ele>1513.0</ele></trkpt>
    <trkpt lat="44.070476" lon="7.218931"><ele>1510.0</ele></trkpt>
    <trkpt lat="44.070963" lon="7.219981"><ele>1503.0</ele></trkpt>
    <trkpt lat="44.071126" lon="7.220816"><ele>1500.0</ele></trkpt>
    <trkpt lat="44.07098" lon="7.221291"><ele>1502.0</ele></trkpt>
    <trkpt lat="44.070898" lon="7.221962"><ele>1500.0</ele></trkpt>
    <trkpt lat="44.071058" lon="7.222453"><ele>1497.0</ele></trkpt>
    <trkpt lat="44.07092" lon="7.22359"><ele>1495.0</ele></trkpt>
    <trkpt lat="44.070907" lon="7.224189"><ele>1491.0</ele></trkpt>
    <trkpt lat="44.070915" lon="7.224366"><ele>1490.0</ele></trkpt>
    <trkpt lat="44.070991" lon="7.225497"><ele>1483.0</ele></trkpt>
    <trkpt lat="44.071323" lon="7.226553"><ele>1478.0</ele></trkpt>
    <trkpt lat="44.071751" lon="7.228035"><ele>1469.0</ele></trkpt>
    <trkpt lat="44.071564" lon="7.229117"><ele>1455.0</ele></trkpt>
    <trkpt lat="44.07158" lon="7.229135"><ele>1455.0</ele></trkpt>
    <trkpt lat="44.071473" lon="7.229953"><ele>1443.0</ele></trkpt>
    <trkpt lat="44.071491" lon="7.231296"><ele>1426.0</ele></trkpt>
    <trkpt lat="44.071871" lon="7.232108"><ele>1416.0</ele></trkpt>
    <trkpt lat="44.072268" lon="7.23276"><ele>1409.0</ele></trkpt>
    <trkpt lat="44.072445" lon="7.232977"><ele>1411.0</ele></trkpt>
    <trkpt lat="44.072481" lon="7.233359"><ele>1406.0</ele></trkpt>
    <trkpt lat="44.072606" lon="7.234196"><ele>1387.0</ele></trkpt>
    <trkpt lat="44.072833" lon="7.234441"><ele>1389.0</ele></trkpt>
    <trkpt lat="44.072924" lon="7.235069"><ele>1373.0</ele></trkpt>
    <trkpt lat="44.073086" lon="7.235934"><ele>1362.0</ele></trkpt>
    <trkpt lat="44.07315" lon="7.236945"><ele>1355.0</ele></trkpt>
    <trkpt lat="44.073146" lon="7.237279"><ele>1351.0</ele></trkpt>
    <trkpt lat="44.073346" lon="7.237739"><ele>1353.0</ele></trkpt>
    <trkpt lat="44.073802" lon="7.238469"><ele>1338.0</ele></trkpt>
    <trkpt lat="44.074039" lon="7.238789"><ele>1335.0</ele></trkpt>
    <trkpt lat="44.074386" lon="7.239329"><ele>1330.0</ele></trkpt>
    <trkpt lat="44.074545" lon="7.239712"><ele>1320.0</ele></trkpt>
    <trkpt lat="44.074751" lon="7.239956"><ele>1315.0</ele></trkpt>
    <trkpt lat="44.074856" lon="7.2399"><ele>1321.0</ele></trkpt>
    <trkpt lat="44.075205" lon="7.240038"><ele>1322.0</ele></trkpt>
    <trkpt lat="44.075338" lon="7.240278"><ele>1313.0</ele></trkpt>
    <trkpt lat="44.075475" lon="7.240495"><ele>1307.0</ele></trkpt>
    <trkpt lat="44.075598" lon="7.240816"><ele>1297.0</ele></trkpt>
    <trkpt lat="44.075354" lon="7.24073"><ele>1292.0</ele></trkpt>
    <trkpt lat="44.075306" lon="7.240832"><ele>1286.0</ele></trkpt>
    <trkpt lat="44.075562" lon="7.241144"><ele>1281.0</ele></trkpt>
    <trkpt lat="44.075328" lon="7.241156"><ele>1272.0</ele></trkpt>
    <trkpt lat="44.075265" lon="7.241217"><ele>1267.0</ele></trkpt>
    <trkpt lat="44.075499" lon="7.241476"><ele>1264.0</ele></trkpt>
    <trkpt lat="44.075338" lon="7.241477"><ele>1259.0</ele></trkpt>
    <trkpt lat="44.074684" lon="7.241018"><ele>1256.0</ele></trkpt>
    <trkpt lat="44.074806" lon="7.241426"><ele>1241.0</ele></trkpt>
    <trkpt lat="44.075328" lon="7.242323"><ele>1226.0</ele></trkpt>
    <trkpt lat="44.075187" lon="7.242401"><ele>1219.0</ele></trkpt>
    <trkpt lat="44.075357" lon="7.242582"><ele>1218.0</ele></trkpt>
    <trkpt lat="44.075121" lon="7.242699"><ele>1207.0</ele></trkpt>
    <trkpt lat="44.074595" lon="7.242243"><ele>1203.0</ele></trkpt>
    <trkpt lat="44.074423" lon="7.242146"><ele>1199.0</ele></trkpt>
    <trkpt lat="44.07433" lon="7.242138"><ele>1195.0</ele></trkpt>
    <trkpt lat="44.074308" lon="7.242184"><ele>1193.0</ele></trkpt>
    <trkpt lat="44.074237" lon="7.242185"><ele>1190.0</ele></trkpt>
    <trkpt lat="44.074237" lon="7.242285"><ele>1186.0</ele></trkpt>
    <trkpt lat="44.074187" lon="7.242293"><ele>1184.0</ele></trkpt>
    <trkpt lat="44.074549" lon="7.242856"><ele>1182.0</ele></trkpt>
    <trkpt lat="44.07483" lon="7.243709"><ele>1162.0</ele></trkpt>
    <trkpt lat="44.074947" lon="7.243804"><ele>1163.0</ele></trkpt>
    <trkpt lat="44.074948" lon="7.244437"><ele>1146.0</ele></trkpt>
    <trkpt lat="44.074765" lon="7.244654"><ele>1134.0</ele></trkpt>
    <trkpt lat="44.074794" lon="7.244753"><ele>1133.0</ele></trkpt>
    <trkpt lat="44.075489" lon="7.245081"><ele>1129.0</ele></trkpt>
    <trkpt lat="44.076054" lon="7.245191"><ele>1121.0</ele></trkpt>
    <trkpt lat="44.076164" lon="7.245269"><ele>1116.0</ele></trkpt>
    <trkpt lat="44.076316" lon="7.245354"><ele>1111.0</ele></trkpt>
    <trkpt lat="44.076274" lon="7.245397"><ele>1109.0</ele></trkpt>
    <trkpt lat="44.076449" lon="7.245482"><ele>1104.0</ele></trkpt>
    <trkpt lat="44.07658" lon="7.245574"><ele>1098.0</ele></trkpt>
    <trkpt lat="44.076669" lon="7.245614"><ele>1095.0</ele></trkpt>
    <trkpt lat="44.076545" lon="7.245679"><ele>1093.0</ele></trkpt>
    <trkpt lat="44.076629" lon="7.245794"><ele>1086.0</ele></trkpt>
    <trkpt lat="44.0768" lon="7.245894"><ele>1079.0</ele></trkpt>
    <trkpt lat="44.076805" lon="7.246001"><ele>1074.0</ele></trkpt>
    <trkpt lat="44.077005" lon="7.246044"><ele>1070.0</ele></trkpt>
    <trkpt lat="44.076993" lon="7.246117"><ele>1068.0</ele></trkpt>
    <trkpt lat="44.076917" lon="7.246202"><ele>1065.0</ele></trkpt>
    <trkpt lat="44.077048" lon="7.24633"><ele>1060.0</ele></trkpt>
    <trkpt lat="44.077122" lon="7.246281"><ele>1062.0</ele></trkpt>
    <trkpt lat="44.077204" lon="7.246487"><ele>1056.0</ele></trkpt>
    <trkpt lat="44.077175" lon="7.246647"><ele>1052.0</ele></trkpt>
    <trkpt lat="44.077352" lon="7.246842"><ele>1048.0</ele></trkpt>
    <trkpt lat="44.077322" lon="7.247315"><ele>1040.0</ele></trkpt>
    <trkpt lat="44.077077" lon="7.248142"><ele>1027.0</ele></trkpt>
    <trkpt lat="44.07687" lon="7.24899"><ele>1015.0</ele></trkpt>
    <trkpt lat="44.076655" lon="7.24964"><ele>1005.0</ele></trkpt>
    <trkpt lat="44.076855" lon="7.24987"><ele>1003.0</ele></trkpt>
    <trkpt lat="44.078015" lon="7.249821"><ele>1011.0</ele></trkpt>
    <trkpt lat="44.078273" lon="7.250284"><ele>1005.0</ele></trkpt>
    <trkpt lat="44.078719" lon="7.25041"><ele>1010.0</ele></trkpt>
    <trkpt lat="44.07869" lon="7.25086"><ele>1012.0</ele></trkpt>
    <trkpt lat="44.078566" lon="7.250971"><ele>1013.0</ele></trkpt>
    <trkpt lat="44.078373" lon="7.251067"><ele>1013.0</ele></trkpt>
    <trkpt lat="44.078248" lon="7.251137"><ele>1016.0</ele></trkpt>
    <trkpt lat="44.078176" lon="7.251148"><ele>1016.0</ele></trkpt>
    <trkpt lat="44.078021" lon="7.251232"><ele>1020.0</ele></trkpt>
    <trkpt lat="44.077512" lon="7.251023"><ele>1011.0</ele></trkpt>
    <trkpt lat="44.077261" lon="7.251015"><ele>1010.0</ele></trkpt>
    <trkpt lat="44.076821" lon="7.251009"><ele>1008.0</ele></trkpt>
    <trkpt lat="44.076248" lon="7.251047"><ele>1004.0</ele></trkpt>
    <trkpt lat="44.07542" lon="7.251432"><ele>1002.0</ele></trkpt>
    <trkpt lat="44.075135" lon="7.251578"><ele>1001.0</ele></trkpt>
    <trkpt lat="44.075049" lon="7.251612"><ele>1000.0</ele></trkpt>
    <trkpt lat="44.074937" lon="7.251681"><ele>1000.0</ele></trkpt>
    <trkpt lat="44.074592" lon="7.252154"><ele>1004.0</ele></trkpt>
    <trkpt lat="44.074165" lon="7.25262"><ele>1005.0</ele></trkpt>
    <trkpt lat="44.07378" lon="7.253079"><ele>1005.0</ele></trkpt>
    <trkpt lat="44.073197" lon="7.253964"><ele>1005.0</ele></trkpt>
    <trkpt lat="44.072974" lon="7.254557"><ele>1004.0</ele></trkpt>
    <trkpt lat="44.072471" lon="7.255817"><ele>998.0</ele></trkpt>
    <trkpt lat="44.072034" lon="7.256646"><ele>995.0</ele></trkpt>
    <trkpt lat="44.071751" lon="7.256824"><ele>991.0</ele></trkpt>
    <trkpt lat="44.071256" lon="7.257054"><ele>984.0</ele></trkpt>
    <trkpt lat="44.07132" lon="7.257322"><ele>984.0</ele></trkpt>
    <trkpt lat="44.07123" lon="7.257641"><ele>985.0</ele></trkpt>
    <trkpt lat="44.07112" lon="7.258277"><ele>980.0</ele></trkpt>
    <trkpt lat="44.071264" lon="7.25896"><ele>976.0</ele></trkpt>
    <trkpt lat="44.071442" lon="7.25938"><ele>975.0</ele></trkpt>
    <trkpt lat="44.071275" lon="7.259786"><ele>970.0</ele></trkpt>
    <trkpt lat="44.071189" lon="7.259842"><ele>971.0</ele></trkpt>
    <trkpt lat="44.071029" lon="7.259879"><ele>972.0</ele></trkpt>
    <trkpt lat="44.070855" lon="7.260168"><ele>987.0</ele></trkpt>
    <trkpt lat="44.070805" lon="7.260227"><ele>991.0</ele></trkpt>
    <trkpt lat="44.070737" lon="7.260152"><ele>990.0</ele></trkpt>
    <trkpt lat="44.070731" lon="7.260698"><ele>1012.0</ele></trkpt>
    <trkpt lat="44.070664" lon="7.260708"><ele>1014.0</ele></trkpt>
    <trkpt lat="44.070513" lon="7.260448"><ele>1007.0</ele></trkpt>
    <trkpt lat="44.070441" lon="7.260962"><ele>1028.0</ele></trkpt>
    <trkpt lat="44.070409" lon="7.261655"><ele>1059.0</ele></trkpt>
    <trkpt lat="44.070803" lon="7.262002"><ele>1072.0</ele></trkpt>
    <trkpt lat="44.070872" lon="7.262239"><ele>1086.0</ele></trkpt>
    <trkpt lat="44.070784" lon="7.262303"><ele>1089.0</ele></trkpt>
    <trkpt lat="44.071041" lon="7.262601"><ele>1109.0</ele></trkpt>
    <trkpt lat="44.07103" lon="7.26269"><ele>1115.0</ele></trkpt>
    <trkpt lat="44.070897" lon="7.262747"><ele>1118.0</ele></trkpt>
    <trkpt lat="44.070961" lon="7.2628"><ele>1122.0</ele></trkpt>
    <trkpt lat="44.07092" lon="7.262846"><ele>1125.0</ele></trkpt>
    <trkpt lat="44.070864" lon="7.262873"><ele>1126.0</ele></trkpt>
    <trkpt lat="44.071045" lon="7.263554"><ele>1163.0</ele></trkpt>
    <trkpt lat="44.071032" lon="7.263706"><ele>1168.0</ele></trkpt>
    <trkpt lat="44.070785" lon="7.263746"><ele>1173.0</ele></trkpt>
    <trkpt lat="44.070817" lon="7.263933"><ele>1180.0</ele></trkpt>
    <trkpt lat="44.070649" lon="7.263976"><ele>1182.0</ele></trkpt>
    <trkpt lat="44.070695" lon="7.264114"><ele>1187.0</ele></trkpt>
    <trkpt lat="44.070684" lon="7.264249"><ele>1192.0</ele></trkpt>
    <trkpt lat="44.07072" lon="7.264399"><ele>1197.0</ele></trkpt>
    <trkpt lat="44.070743" lon="7.264514"><ele>1200.0</ele></trkpt>
    <trkpt lat="44.070713" lon="7.264607"><ele>1204.0</ele></trkpt>
    <trkpt lat="44.07069" lon="7.26473"><ele>1209.0</ele></trkpt>
    <trkpt lat="44.070651" lon="7.264792"><ele>1212.0</ele></trkpt>
    <trkpt lat="44.070554" lon="7.264926"><ele>1219.0</ele></trkpt>
    <trkpt lat="44.070508" lon="7.265053"><ele>1224.0</ele></trkpt>
    <trkpt lat="44.070418" lon="7.265684"><ele>1245.0</ele></trkpt>
    <trkpt lat="44.070337" lon="7.265876"><ele>1251.0</ele></trkpt>
    <trkpt lat="44.070267" lon="7.266004"><ele>1255.0</ele></trkpt>
    <trkpt lat="44.070267" lon="7.266357"><ele>1263.0</ele></trkpt>
    <trkpt lat="44.070206" lon="7.266652"><ele>1271.0</ele></trkpt>
    <trkpt lat="44.070048" lon="7.267099"><ele>1284.0</ele></trkpt>
    <trkpt lat="44.06997" lon="7.267297"><ele>1289.0</ele></trkpt>
    <trkpt lat="44.069907" lon="7.267509"><ele>1294.0</ele></trkpt>
    <trkpt lat="44.069741" lon="7.267446"><ele>1293.0</ele></trkpt>
    <trkpt lat="44.069457" lon="7.267573"><ele>1297.0</ele></trkpt>
    <trkpt lat="44.069259" lon="7.267648"><ele>1304.0</ele></trkpt>
    <trkpt lat="44.069178" lon="7.267692"><ele>1308.0</ele></trkpt>
    <trkpt lat="44.069449" lon="7.267905"><ele>1307.0</ele></trkpt>
    <trkpt lat="44.06963" lon="7.26814"><ele>1309.0</ele></trkpt>
    <trkpt lat="44.069724" lon="7.268462"><ele>1319.0</ele></trkpt>
    <trkpt lat="44.069847" lon="7.268766"><ele>1331.0</ele></trkpt>
    <trkpt lat="44.069774" lon="7.268805"><ele>1334.0</ele></trkpt>
    <trkpt lat="44.0698" lon="7.26893"><ele>1338.0</ele></trkpt>
    <trkpt lat="44.069827" lon="7.269186"><ele>1346.0</ele></trkpt>
    <trkpt lat="44.069833" lon="7.269393"><ele>1350.0</ele></trkpt>
    <trkpt lat="44.069848" lon="7.269519"><ele>1352.0</ele></trkpt>
    <trkpt lat="44.069835" lon="7.269834"><ele>1358.0</ele></trkpt>
    <trkpt lat="44.069807" lon="7.269985"><ele>1362.0</ele></trkpt>
    <trkpt lat="44.069829" lon="7.270111"><ele>1365.0</ele></trkpt>
    <trkpt lat="44.069772" lon="7.270277"><ele>1370.0</ele></trkpt>
    <trkpt lat="44.069713" lon="7.270474"><ele>1376.0</ele></trkpt>
    <trkpt lat="44.069456" lon="7.270757"><ele>1384.0</ele></trkpt>
    <trkpt lat="44.069362" lon="7.270946"><ele>1388.0</ele></trkpt>
    <trkpt lat="44.069317" lon="7.271068"><ele>1390.0</ele></trkpt>
    <trkpt lat="44.069094" lon="7.271254"><ele>1391.0</ele></trkpt>
    <trkpt lat="44.069012" lon="7.271433"><ele>1393.0</ele></trkpt>
    <trkpt lat="44.068944" lon="7.271596"><ele>1395.0</ele></trkpt>
    <trkpt lat="44.069087" lon="7.27162"><ele>1401.0</ele></trkpt>
    <trkpt lat="44.069105" lon="7.2719"><ele>1409.0</ele></trkpt>
    <trkpt lat="44.069118" lon="7.272182"><ele>1417.0</ele></trkpt>
    <trkpt lat="44.069167" lon="7.272488"><ele>1427.0</ele></trkpt>
    <trkpt lat="44.069236" lon="7.272707"><ele>1434.0</ele></trkpt>
    <trkpt lat="44.069229" lon="7.272883"><ele>1438.0</ele></trkpt>
    <trkpt lat="44.069069" lon="7.272933"><ele>1437.0</ele></trkpt>
    <trkpt lat="44.068773" lon="7.27315"><ele>1448.0</ele></trkpt>
    <trkpt lat="44.068836" lon="7.27317"><ele>1448.0</ele></trkpt>
    <trkpt lat="44.068767" lon="7.273258"><ele>1453.0</ele></trkpt>
    <trkpt lat="44.068729" lon="7.273347"><ele>1457.0</ele></trkpt>
    <trkpt lat="44.068579" lon="7.273448"><ele>1464.0</ele></trkpt>
    <trkpt lat="44.068407" lon="7.273544"><ele>1471.0</ele></trkpt>
    <trkpt lat="44.067952" lon="7.273768"><ele>1485.0</ele></trkpt>
    <trkpt lat="44.067718" lon="7.273792"><ele>1487.0</ele></trkpt>
    <trkpt lat="44.067551" lon="7.273804"><ele>1489.0</ele></trkpt>
    <trkpt lat="44.06687" lon="7.274322"><ele>1518.0</ele></trkpt>
    <trkpt lat="44.066566" lon="7.274624"><ele>1532.0</ele></trkpt>
    <trkpt lat="44.06604" lon="7.274747"><ele>1535.0</ele></trkpt>
    <trkpt lat="44.065918" lon="7.274922"><ele>1539.0</ele></trkpt>
    <trkpt lat="44.066019" lon="7.275083"><ele>1547.0</ele></trkpt>
    <trkpt lat="44.065619" lon="7.275703"><ele>1550.0</ele></trkpt>
    <trkpt lat="44.065636" lon="7.275796"><ele>1552.0</ele></trkpt>
    <trkpt lat="44.065795" lon="7.275889"><ele>1562.0</ele></trkpt>
    <trkpt lat="44.065733" lon="7.276088"><ele>1562.0</ele></trkpt>
    <trkpt lat="44.065859" lon="7.27616"><ele>1570.0</ele></trkpt>
    <trkpt lat="44.065874" lon="7.276583"><ele>1576.0</ele></trkpt>
    <trkpt lat="44.066066" lon="7.276728"><ele>1588.0</ele></trkpt>
    <trkpt lat="44.066068" lon="7.276836"><ele>1588.0</ele></trkpt>
    <trkpt lat="44.066035" lon="7.276862"><ele>1586.0</ele></trkpt>
    <trkpt lat="44.066117" lon="7.277058"><ele>1591.0</ele></trkpt>
    <trkpt lat="44.066187" lon="7.277368"><ele>1596.0</ele></trkpt>
    <trkpt lat="44.066235" lon="7.277704"><ele>1600.0</ele></trkpt>
    <trkpt lat="44.066632" lon="7.277904"><ele>1624.0</ele></trkpt>
    <trkpt lat="44.066894" lon="7.277948"><ele>1635.0</ele></trkpt>
    <trkpt lat="44.067035" lon="7.277915"><ele>1640.0</ele></trkpt>
    <trkpt lat="44.06703" lon="7.278229"><ele>1643.0</ele></trkpt>
    <trkpt lat="44.06699" lon="7.278998"><ele>1647.0</ele></trkpt>
    <trkpt lat="44.066952" lon="7.279341"><ele>1653.0</ele></trkpt>
    <trkpt lat="44.066693" lon="7.279848"><ele>1659.0</ele></trkpt>
    <trkpt lat="44.066351" lon="7.28008"><ele>1653.0</ele></trkpt>
    <trkpt lat="44.066173" lon="7.280596"><ele>1669.0</ele></trkpt>
    <trkpt lat="44.066138" lon="7.280979"><ele>1685.0</ele></trkpt>
    <trkpt lat="44.065897" lon="7.281348"><ele>1693.0</ele></trkpt>
    <trkpt lat="44.065627" lon="7.281684"><ele>1694.0</ele></trkpt>
    <trkpt lat="44.06551" lon="7.282639"><ele>1724.0</ele></trkpt>
    <trkpt lat="44.065697" lon="7.282609"><ele>1729.0</ele></trkpt>
    <trkpt lat="44.065678" lon="7.282887"><ele>1738.0</ele></trkpt>
    <trkpt lat="44.065786" lon="7.282826"><ele>1740.0</ele></trkpt>
    <trkpt lat="44.065583" lon="7.283347"><ele>1742.0</ele></trkpt>
    <trkpt lat="44.065671" lon="7.283811"><ele>1748.0</ele></trkpt>
    <trkpt lat="44.065907" lon="7.283986"><ele>1767.0</ele></trkpt>
    <trkpt lat="44.065907" lon="7.284265"><ele>1771.0</ele></trkpt>
    <trkpt lat="44.066456" lon="7.285012"><ele>1813.0</ele></trkpt>
    <trkpt lat="44.066527" lon="7.285009"><ele>1816.0</ele></trkpt>
    <trkpt lat="44.066762" lon="7.28481"><ele>1826.0</ele></trkpt>
    <trkpt lat="44.06678" lon="7.285121"><ele>1828.0</ele></trkpt>
    <trkpt lat="44.066971" lon="7.284968"><ele>1836.0</ele></trkpt>
    <trkpt lat="44.06704" lon="7.28505"><ele>1839.0</ele></trkpt>
    <trkpt lat="44.067136" lon="7.285409"><ele>1845.0</ele></trkpt>
    <trkpt lat="44.067255" lon="7.285208"><ele>1849.0</ele></trkpt>
    <trkpt lat="44.067544" lon="7.284978"><ele>1858.0</ele></trkpt>
    <trkpt lat="44.067598" lon="7.285028"><ele>1861.0</ele></trkpt>
    <trkpt lat="44.067629" lon="7.285247"><ele>1863.0</ele></trkpt>
    <trkpt lat="44.067659" lon="7.285387"><ele>1865.0</ele></trkpt>
    <trkpt lat="44.067751" lon="7.285483"><ele>1870.0</ele></trkpt>
    <trkpt lat="44.067903" lon="7.285977"><ele>1881.0</ele></trkpt>
    <trkpt lat="44.068045" lon="7.286776"><ele>1897.0</ele></trkpt>
    <trkpt lat="44.068153" lon="7.286734"><ele>1903.0</ele></trkpt>
    <trkpt lat="44.0682" lon="7.286778"><ele>1906.0</ele></trkpt>
    <trkpt lat="44.068333" lon="7.287609"><ele>1923.0</ele></trkpt>
    <trkpt lat="44.068378" lon="7.287745"><ele>1926.0</ele></trkpt>
    <trkpt lat="44.068326" lon="7.288336"><ele>1942.0</ele></trkpt>
    <trkpt lat="44.068189" lon="7.288684"><ele>1949.0</ele></trkpt>
    <trkpt lat="44.067842" lon="7.289606"><ele>1967.0</ele></trkpt>
    <trkpt lat="44.067779" lon="7.289737"><ele>1968.0</ele></trkpt>
    <trkpt lat="44.067813" lon="7.289745"><ele>1970.0</ele></trkpt>
    <trkpt lat="44.068054" lon="7.289621"><ele>1978.0</ele></trkpt>
    <trkpt lat="44.068221" lon="7.289581"><ele>1984.0</ele></trkpt>
    <trkpt lat="44.068144" lon="7.289752"><ele>1986.0</ele></trkpt>
    <trkpt lat="44.068176" lon="7.28977"><ele>1988.0</ele></trkpt>
    <trkpt lat="44.068269" lon="7.289735"><ele>1991.0</ele></trkpt>
    <trkpt lat="44.068237" lon="7.28986"><ele>1994.0</ele></trkpt>
    <trkpt lat="44.068101" lon="7.290317"><ele>2006.0</ele></trkpt>
    <trkpt lat="44.06791" lon="7.290458"><ele>2005.0</ele></trkpt>
    <trkpt lat="44.067963" lon="7.290569"><ele>2009.0</ele></trkpt>
    <trkpt lat="44.068009" lon="7.290657"><ele>2011.0</ele></trkpt>
    <trkpt lat="44.06801" lon="7.290818"><ele>2008.0</ele></trkpt>
    <trkpt lat="44.068064" lon="7.290833"><ele>2011.0</ele></trkpt>
    <trkpt lat="44.068086" lon="7.290862"><ele>2011.0</ele></trkpt>
    <trkpt lat="44.06817" lon="7.29087"><ele>2015.0</ele></trkpt>
    <trkpt lat="44.068235" lon="7.290765"><ele>2019.0</ele></trkpt>
    <trkpt lat="44.068281" lon="7.290798"><ele>2021.0</ele></trkpt>
    <trkpt lat="44.068422" lon="7.290749"><ele>2026.0</ele></trkpt>
    <trkpt lat="44.068453" lon="7.290866"><ele>2028.0</ele></trkpt>
    <trkpt lat="44.068579" lon="7.290776"><ele>2034.0</ele></trkpt>
    <trkpt lat="44.06861" lon="7.290784"><ele>2035.0</ele></trkpt>
    <trkpt lat="44.068656" lon="7.290805"><ele>2037.0</ele></trkpt>
    <trkpt lat="44.06875" lon="7.29071"><ele>2041.0</ele></trkpt>
    <trkpt lat="44.068797" lon="7.290925"><ele>2044.0</ele></trkpt>
    <trkpt lat="44.069069" lon="7.291065"><ele>2052.0</ele></trkpt>
    <trkpt lat="44.069233" lon="7.291146"><ele>2057.0</ele></trkpt>
    <trkpt lat="44.069351" lon="7.291312"><ele>2055.0</ele></trkpt>
    <trkpt lat="44.069724" lon="7.291222"><ele>2065.0</ele></trkpt>
    <trkpt lat="44.070277" lon="7.291438"><ele>2072.0</ele></trkpt>
    <trkpt lat="44.070846" lon="7.291823"><ele>2076.0</ele></trkpt>
    <trkpt lat="44.07108" lon="7.291933"><ele>2079.0</ele></trkpt>
    <trkpt lat="44.071213" lon="7.292142"><ele>2077.0</ele></trkpt>
    <trkpt lat="44.071224" lon="7.292361"><ele>2074.0</ele></trkpt>
    <trkpt lat="44.071264" lon="7.292539"><ele>2077.0</ele></trkpt>
    <trkpt lat="44.071337" lon="7.292707"><ele>2080.0</ele></trkpt>
    <trkpt lat="44.071401" lon="7.292833"><ele>2082.0</ele></trkpt>
    <trkpt lat="44.071495" lon="7.293016"><ele>2084.0</ele></trkpt>
    <trkpt lat="44.071613" lon="7.293223"><ele>2087.0</ele></trkpt>
    <trkpt lat="44.071661" lon="7.293565"><ele>2093.0</ele></trkpt>
    <trkpt lat="44.071594" lon="7.293799"><ele>2093.0</ele></trkpt>
    <trkpt lat="44.071651" lon="7.294112"><ele>2095.0</ele></trkpt>
    <trkpt lat="44.071638" lon="7.294555"><ele>2092.0</ele></trkpt>
    <trkpt lat="44.071596" lon="7.294958"><ele>2088.0</ele></trkpt>
    <trkpt lat="44.071712" lon="7.29517"><ele>2092.0</ele></trkpt>
    <trkpt lat="44.071738" lon="7.295069"><ele>2096.0</ele></trkpt>
    <trkpt lat="44.071772" lon="7.294959"><ele>2100.0</ele></trkpt>
    <trkpt lat="44.071791" lon="7.295075"><ele>2099.0</ele></trkpt>
    <trkpt lat="44.071892" lon="7.295224"><ele>2102.0</ele></trkpt>
    <trkpt lat="44.072005" lon="7.295679"><ele>2106.0</ele></trkpt>
    <trkpt lat="44.071958" lon="7.296018"><ele>2111.0</ele></trkpt>
    <trkpt lat="44.07198" lon="7.296195"><ele>2114.0</ele></trkpt>
    <trkpt lat="44.072028" lon="7.296623"><ele>2120.0</ele></trkpt>
    <trkpt lat="44.072053" lon="7.296716"><ele>2121.0</ele></trkpt>
    <trkpt lat="44.072175" lon="7.296796"><ele>2122.0</ele></trkpt>
    <trkpt lat="44.072315" lon="7.297054"><ele>2123.0</ele></trkpt>
    <trkpt lat="44.072458" lon="7.297335"><ele>2121.0</ele></trkpt>
    <trkpt lat="44.072671" lon="7.296746"><ele>2105.0</ele></trkpt>
    <trkpt lat="44.072989" lon="7.296942"><ele>2091.0</ele></trkpt>
    <trkpt lat="44.073079" lon="7.296954"><ele>2087.0</ele></trkpt>
    <trkpt lat="44.073353" lon="7.297406"><ele>2080.0</ele></trkpt>
    <trkpt lat="44.073747" lon="7.298869"><ele>2072.0</ele></trkpt>
    <trkpt lat="44.073901" lon="7.299719"><ele>2070.0</ele></trkpt>
    <trkpt lat="44.074417" lon="7.299976"><ele>2056.0</ele></trkpt>
    <trkpt lat="44.074815" lon="7.300592"><ele>2053.0</ele></trkpt>
    <trkpt lat="44.074924" lon="7.301174"><ele>2063.0</ele></trkpt>
    <trkpt lat="44.075174" lon="7.301287"><ele>2051.0</ele></trkpt>
    <trkpt lat="44.075399" lon="7.301615"><ele>2045.0</ele></trkpt>
    <trkpt lat="44.075572" lon="7.302397"><ele>2042.0</ele></trkpt>
    <trkpt lat="44.076291" lon="7.303404"><ele>2016.0</ele></trkpt>
    <trkpt lat="44.076534" lon="7.303618"><ele>2013.0</ele></trkpt>
    <trkpt lat="44.076625" lon="7.30369"><ele>2012.0</ele></trkpt>
    <trkpt lat="44.076817" lon="7.303838"><ele>2010.0</ele></trkpt>
    <trkpt lat="44.076981" lon="7.303938"><ele>2007.0</ele></trkpt>
    <trkpt lat="44.077162" lon="7.304233"><ele>2011.0</ele></trkpt>
    <trkpt lat="44.077686" lon="7.30441"><ele>2008.0</ele></trkpt>
    <trkpt lat="44.078175" lon="7.304976"><ele>2017.0</ele></trkpt>
    <trkpt lat="44.078027" lon="7.306499"><ele>2026.0</ele></trkpt>
    <trkpt lat="44.078064" lon="7.307265"><ele>2021.0</ele></trkpt>
    <trkpt lat="44.078969" lon="7.307788"><ele>1975.0</ele></trkpt>
    <trkpt lat="44.080163" lon="7.308194"><ele>1954.0</ele></trkpt>
    <trkpt lat="44.080604" lon="7.308341"><ele>1942.0</ele></trkpt>
    <trkpt lat="44.080716" lon="7.309175"><ele>1926.0</ele></trkpt>
    <trkpt lat="44.080405" lon="7.310172"><ele>1928.0</ele></trkpt>
    <trkpt lat="44.08059" lon="7.311692"><ele>1929.0</ele></trkpt>
    <trkpt lat="44.081242" lon="7.312907"><ele>1952.0</ele></trkpt>
    <trkpt lat="44.081846" lon="7.314125"><ele>1957.0</ele></trkpt>
    <trkpt lat="44.082112" lon="7.315682"><ele>1952.0</ele></trkpt>
    <trkpt lat="44.082554" lon="7.31739"><ele>1940.0</ele></trkpt>
    <trkpt lat="44.082701" lon="7.318873"><ele>1921.0</ele></trkpt>
    <trkpt lat="44.081768" lon="7.319986"><ele>1926.0</ele></trkpt>
    <trkpt lat="44.080918" lon="7.320798"><ele>1931.0</ele></trkpt>
    <trkpt lat="44.080825" lon="7.322269"><ele>1927.0</ele></trkpt>
    <trkpt lat="44.081744" lon="7.323168"><ele>1915.0</ele></trkpt>
    <trkpt lat="44.082532" lon="7.324175"><ele>1918.0</ele></trkpt>
    <trkpt lat="44.083479" lon="7.32457"><ele>1905.0</ele></trkpt>
    <trkpt lat="44.084407" lon="7.324838"><ele>1900.0</ele></trkpt>
    <trkpt lat="44.085284" lon="7.325506"><ele>1890.0</ele></trkpt>
    <trkpt lat="44.08507" lon="7.326572"><ele>1892.0</ele></trkpt>
    <trkpt lat="44.084534" lon="7.32766"><ele>1880.0</ele></trkpt>
    <trkpt lat="44.085008" lon="7.3293"><ele>1865.0</ele></trkpt>
    <trkpt lat="44.085497" lon="7.330308"><ele>1856.0</ele></trkpt>
    <trkpt lat="44.085787" lon="7.332079"><ele>1862.0</ele></trkpt>
    <trkpt lat="44.085945" lon="7.333724"><ele>1859.0</ele></trkpt>
    <trkpt lat="44.085357" lon="7.335715"><ele>1861.0</ele></trkpt>
    <trkpt lat="44.084921" lon="7.336975"><ele>1862.0</ele></trkpt>
    <trkpt lat="44.085159" lon="7.33767"><ele>1856.0</ele></trkpt>
    <trkpt lat="44.08534" lon="7.337743"><ele>1847.0</ele></trkpt>
    <trkpt lat="44.085595" lon="7.338144"><ele>1834.0</ele></trkpt>
    <trkpt lat="44.085916" lon="7.339074"><ele>1824.0</ele></trkpt>
    <trkpt lat="44.086631" lon="7.339446"><ele>1805.0</ele></trkpt>
    <trkpt lat="44.086779" lon="7.339679"><ele>1802.0</ele></trkpt>
    <trkpt lat="44.086976" lon="7.33939"><ele>1791.0</ele></trkpt>
    <trkpt lat="44.087335" lon="7.339792"><ele>1773.0</ele></trkpt>
    <trkpt lat="44.08759" lon="7.340548"><ele>1757.0</ele></trkpt>
    <trkpt lat="44.087628" lon="7.340844"><ele>1754.0</ele></trkpt>
    <trkpt lat="44.087862" lon="7.340944"><ele>1739.0</ele></trkpt>
    <trkpt lat="44.088048" lon="7.340833"><ele>1729.0</ele></trkpt>
    <trkpt lat="44.088338" lon="7.340866"><ele>1715.0</ele></trkpt>
    <trkpt lat="44.08848" lon="7.340923"><ele>1708.0</ele></trkpt>
    <trkpt lat="44.088358" lon="7.34152"><ele>1713.0</ele></trkpt>
    <trkpt lat="44.088426" lon="7.341652"><ele>1713.0</ele></trkpt>
    <trkpt lat="44.088721" lon="7.341591"><ele>1704.0</ele></trkpt>
    <trkpt lat="44.088883" lon="7.341604"><ele>1700.0</ele></trkpt>
    <trkpt lat="44.08906" lon="7.341784"><ele>1697.0</ele></trkpt>
    <trkpt lat="44.089214" lon="7.342244"><ele>1698.0</ele></trkpt>
    <trkpt lat="44.089366" lon="7.343148"><ele>1691.0</ele></trkpt>
    <trkpt lat="44.08931" lon="7.343388"><ele>1693.0</ele></trkpt>
    <trkpt lat="44.089328" lon="7.344405"><ele>1695.0</ele></trkpt>
    <trkpt lat="44.089388" lon="7.344857"><ele>1695.0</ele></trkpt>
    <trkpt lat="44.089888" lon="7.345551"><ele>1682.0</ele></trkpt>
    <trkpt lat="44.090035" lon="7.346178"><ele>1685.0</ele></trkpt>
    <trkpt lat="44.090184" lon="7.346833"><ele>1691.0</ele></trkpt>
    <trkpt lat="44.090232" lon="7.347166"><ele>1694.0</ele></trkpt>
    <trkpt lat="44.09014" lon="7.347382"><ele>1700.0</ele></trkpt>
    <trkpt lat="44.089931" lon="7.34722"><ele>1703.0</ele></trkpt>
    <trkpt lat="44.089959" lon="7.347381"><ele>1705.0</ele></trkpt>
    <trkpt lat="44.089981" lon="7.347562"><ele>1707.0</ele></trkpt>
    <trkpt lat="44.089829" lon="7.347416"><ele>1711.0</ele></trkpt>
    <trkpt lat="44.089566" lon="7.347281"><ele>1721.0</ele></trkpt>
    <trkpt lat="44.089488" lon="7.347473"><ele>1729.0</ele></trkpt>
    <trkpt lat="44.08951" lon="7.347667"><ele>1731.0</ele></trkpt>
    <trkpt lat="44.089683" lon="7.347835"><ele>1723.0</ele></trkpt>
    <trkpt lat="44.089609" lon="7.34795"><ele>1727.0</ele></trkpt>
    <trkpt lat="44.089526" lon="7.348217"><ele>1733.0</ele></trkpt>
    <trkpt lat="44.089314" lon="7.348128"><ele>1746.0</ele></trkpt>
    <trkpt lat="44.088851" lon="7.347857"><ele>1767.0</ele></trkpt>
    <trkpt lat="44.088341" lon="7.347057"><ele>1777.0</ele></trkpt>
    <trkpt lat="44.08795" lon="7.348041"><ele>1809.0</ele></trkpt>
    <trkpt lat="44.08781" lon="7.349046"><ele>1821.0</ele></trkpt>
    <trkpt lat="44.087698" lon="7.348774"><ele>1827.0</ele></trkpt>
    <trkpt lat="44.08762" lon="7.348519"><ele>1832.0</ele></trkpt>
    <trkpt lat="44.08755" lon="7.348802"><ele>1836.0</ele></trkpt>
    <trkpt lat="44.087498" lon="7.348857"><ele>1839.0</ele></trkpt>
    <trkpt lat="44.087185" lon="7.350529"><ele>1862.0</ele></trkpt>
    <trkpt lat="44.087263" lon="7.351"><ele>1854.0</ele></trkpt>
    <trkpt lat="44.087185" lon="7.351981"><ele>1851.0</ele></trkpt>
    <trkpt lat="44.08691" lon="7.353137"><ele>1836.0</ele></trkpt>
    <trkpt lat="44.086631" lon="7.353953"><ele>1828.0</ele></trkpt>
    <trkpt lat="44.086689" lon="7.354569"><ele>1820.0</ele></trkpt>
    <trkpt lat="44.086843" lon="7.354671"><ele>1821.0</ele></trkpt>
    <trkpt lat="44.087137" lon="7.354426"><ele>1819.0</ele></trkpt>
    <trkpt lat="44.087325" lon="7.35424"><ele>1817.0</ele></trkpt>
    <trkpt lat="44.087484" lon="7.35406"><ele>1814.0</ele></trkpt>
    <trkpt lat="44.087776" lon="7.353886"><ele>1812.0</ele></trkpt>
    <trkpt lat="44.088115" lon="7.353847"><ele>1812.0</ele></trkpt>
    <trkpt lat="44.088528" lon="7.353961"><ele>1815.0</ele></trkpt>
    <trkpt lat="44.088738" lon="7.354063"><ele>1817.0</ele></trkpt>
    <trkpt lat="44.089053" lon="7.353991"><ele>1812.0</ele></trkpt>
    <trkpt lat="44.089302" lon="7.354304"><ele>1813.0</ele></trkpt>
    <trkpt lat="44.089427" lon="7.354733"><ele>1818.0</ele></trkpt>
    <trkpt lat="44.089513" lon="7.354936"><ele>1818.0</ele></trkpt>
    <trkpt lat="44.089657" lon="7.355073"><ele>1816.0</ele></trkpt>
    <trkpt lat="44.089839" lon="7.355126"><ele>1812.0</ele></trkpt>
    <trkpt lat="44.090022" lon="7.355068"><ele>1810.0</ele></trkpt>
    <trkpt lat="44.090106" lon="7.354866"><ele>1805.0</ele></trkpt>
    <trkpt lat="44.090247" lon="7.354723"><ele>1802.0</ele></trkpt>
    <trkpt lat="44.090611" lon="7.354946"><ele>1808.0</ele></trkpt>
    <trkpt lat="44.091309" lon="7.355455"><ele>1820.0</ele></trkpt>
    <trkpt lat="44.091821" lon="7.355801"><ele>1817.0</ele></trkpt>
    <trkpt lat="44.09228" lon="7.356342"><ele>1826.0</ele></trkpt>
    <trkpt lat="44.092582" lon="7.356571"><ele>1831.0</ele></trkpt>
    <trkpt lat="44.092906" lon="7.35668"><ele>1834.0</ele></trkpt>
    <trkpt lat="44.093147" lon="7.356632"><ele>1831.0</ele></trkpt>
    <trkpt lat="44.093473" lon="7.356593"><ele>1830.0</ele></trkpt>
    <trkpt lat="44.093516" lon="7.356747"><ele>1834.0</ele></trkpt>
    <trkpt lat="44.093575" lon="7.356888"><ele>1837.0</ele></trkpt>
    <trkpt lat="44.093631" lon="7.357023"><ele>1839.0</ele></trkpt>
    <trkpt lat="44.093701" lon="7.357195"><ele>1841.0</ele></trkpt>
    <trkpt lat="44.093706" lon="7.357392"><ele>1843.0</ele></trkpt>
    <trkpt lat="44.093765" lon="7.357611"><ele>1845.0</ele></trkpt>
    <trkpt lat="44.093859" lon="7.35784"><ele>1848.0</ele></trkpt>
    <trkpt lat="44.093957" lon="7.357964"><ele>1849.0</ele></trkpt>
    <trkpt lat="44.094054" lon="7.358038"><ele>1849.0</ele></trkpt>
    <trkpt lat="44.094159" lon="7.358099"><ele>1850.0</ele></trkpt>
    <trkpt lat="44.094232" lon="7.358186"><ele>1850.0</ele></trkpt>
    <trkpt lat="44.094277" lon="7.358382"><ele>1852.0</ele></trkpt>
    <trkpt lat="44.094233" lon="7.358527"><ele>1854.0</ele></trkpt>
    <trkpt lat="44.094206" lon="7.358712"><ele>1857.0</ele></trkpt>
    <trkpt lat="44.094216" lon="7.358922"><ele>1860.0</ele></trkpt>
    <trkpt lat="44.094256" lon="7.35919"><ele>1863.0</ele></trkpt>
    <trkpt lat="44.09434" lon="7.359452"><ele>1864.0</ele></trkpt>
    <trkpt lat="44.094381" lon="7.359611"><ele>1865.0</ele></trkpt>
    <trkpt lat="44.094436" lon="7.359734"><ele>1866.0</ele></trkpt>
    <trkpt lat="44.094515" lon="7.359814"><ele>1865.0</ele></trkpt>
    <trkpt lat="44.094623" lon="7.359868"><ele>1863.0</ele></trkpt>
    <trkpt lat="44.094736" lon="7.359952"><ele>1863.0</ele></trkpt>
    <trkpt lat="44.09481" lon="7.360078"><ele>1864.0</ele></trkpt>
    <trkpt lat="44.09488" lon="7.360176"><ele>1865.0</ele></trkpt>
    <trkpt lat="44.094996" lon="7.360187"><ele>1863.0</ele></trkpt>
    <trkpt lat="44.095126" lon="7.360166"><ele>1862.0</ele></trkpt>
    <trkpt lat="44.095272" lon="7.360132"><ele>1861.0</ele></trkpt>
    <trkpt lat="44.095371" lon="7.360125"><ele>1860.0</ele></trkpt>
    <trkpt lat="44.095436" lon="7.359946"><ele>1860.0</ele></trkpt>
    <trkpt lat="44.095511" lon="7.35985"><ele>1862.0</ele></trkpt>
    <trkpt lat="44.095603" lon="7.359835"><ele>1863.0</ele></trkpt>
    <trkpt lat="44.095658" lon="7.359764"><ele>1864.0</ele></trkpt>
    <trkpt lat="44.095674" lon="7.359671"><ele>1867.0</ele></trkpt>
    <trkpt lat="44.095689" lon="7.359583"><ele>1869.0</ele></trkpt>
    <trkpt lat="44.095723" lon="7.359511"><ele>1871.0</ele></trkpt>
    <trkpt lat="44.095755" lon="7.359444"><ele>1872.0</ele></trkpt>
    <trkpt lat="44.095766" lon="7.359393"><ele>1873.0</ele></trkpt>
    <trkpt lat="44.09578" lon="7.359336"><ele>1874.0</ele></trkpt>
    <trkpt lat="44.095826" lon="7.35928"><ele>1876.0</ele></trkpt>
    <trkpt lat="44.095865" lon="7.359232"><ele>1878.0</ele></trkpt>
    <trkpt lat="44.095924" lon="7.359187"><ele>1880.0</ele></trkpt>
    <trkpt lat="44.09596" lon="7.359132"><ele>1882.0</ele></trkpt>
    <trkpt lat="44.095975" lon="7.359034"><ele>1883.0</ele></trkpt>
    <trkpt lat="44.095939" lon="7.358924"><ele>1883.0</ele></trkpt>
    <trkpt lat="44.095889" lon="7.358861"><ele>1883.0</ele></trkpt>
    <trkpt lat="44.09585" lon="7.358798"><ele>1883.0</ele></trkpt>
    <trkpt lat="44.095841" lon="7.358739"><ele>1883.0</ele></trkpt>
    <trkpt lat="44.095818" lon="7.358648"><ele>1884.0</ele></trkpt>
    <trkpt lat="44.095783" lon="7.35854"><ele>1885.0</ele></trkpt>
    <trkpt lat="44.095752" lon="7.358452"><ele>1885.0</ele></trkpt>
    <trkpt lat="44.095756" lon="7.358367"><ele>1886.0</ele></trkpt>
    <trkpt lat="44.095759" lon="7.358261"><ele>1887.0</ele></trkpt>
    <trkpt lat="44.095805" lon="7.358005"><ele>1889.0</ele></trkpt>
    <trkpt lat="44.095809" lon="7.357881"><ele>1891.0</ele></trkpt>
    <trkpt lat="44.095801" lon="7.357799"><ele>1892.0</ele></trkpt>
    <trkpt lat="44.095805" lon="7.357706"><ele>1894.0</ele></trkpt>
    <trkpt lat="44.095816" lon="7.357586"><ele>1896.0</ele></trkpt>
    <trkpt lat="44.095803" lon="7.357456"><ele>1898.0</ele></trkpt>
    <trkpt lat="44.095764" lon="7.357228"><ele>1901.0</ele></trkpt>
    <trkpt lat="44.095653" lon="7.356768"><ele>1902.0</ele></trkpt>
    <trkpt lat="44.095655" lon="7.356648"><ele>1903.0</ele></trkpt>
    <trkpt lat="44.095679" lon="7.356557"><ele>1905.0</ele></trkpt>
    <trkpt lat="44.095537" lon="7.35617"><ele>1904.0</ele></trkpt>
    <trkpt lat="44.095479" lon="7.355998"><ele>1904.0</ele></trkpt>
    <trkpt lat="44.095442" lon="7.355919"><ele>1903.0</ele></trkpt>
    <trkpt lat="44.095457" lon="7.355824"><ele>1905.0</ele></trkpt>
    <trkpt lat="44.09538" lon="7.355551"><ele>1906.0</ele></trkpt>
    <trkpt lat="44.095295" lon="7.355288"><ele>1907.0</ele></trkpt>
    <trkpt lat="44.09514" lon="7.354936"><ele>1906.0</ele></trkpt>
    <trkpt lat="44.095085" lon="7.354794"><ele>1906.0</ele></trkpt>
  </trkseg></trk>
</gpx>